Workbook

Sheet Quick Setup
A1: Rounding | C1: Make a copy (for google drive; recommended) or download this spreadsheet (for other spreadsheet programs). Do not request editing access
A2: 2.5
C4: Main Lifts | D4: Maxes | E4: Single @8 percentage | H4: Sets per week | J4: When above or below set range
C5: Squat | D5: 490 | E5: 0.9 | H5: Lower threshold | I5: Upper threshold | J5: Increases | K5: Decreases
C6: Bench Press | D6: 325 | E6: 0.9 | G6: =C5 -> Squat | H6: 4 | I6: 6 | J6: 0.02 | K6: -0.05
B7: Primary stance | C7: Deadlift | D7: 525 | E7: 0.9 | G7: =C6 -> Bench Press | H7: 4 | I7: 6 | J7: 0.02 | K7: -0.05
C8: OHP | D8: 200 | E8: 0.9 | G8: =C7 -> Deadlift | H8: 4 | I8: 6 | J8: 0.02 | K8: -0.05
G9: =C8 -> OHP | H9: 4 | I9: 6 | J9: 0.02 | K9: -0.05
C10: Variations: Note - if you don't know your max, you can estimate it. When in doubt, estimate low to start with | D10: Maxes | G10: =C11 -> Front Squat | H10: 4 | I10: 6 | J10: 0.02 | K10: -0.05
B11: Squat auxiliary 1 | C11: Front Squat | D11: 420 | E11: 0.9 | G11: =C12 -> Paused Squat | H11: 4 | I11: 6 | J11: 0.02 | K11: -0.05
B12: Squat auxiliary 2 | C12: Paused Squat | D12: 460 | E12: 0.9 | G12: =C13 -> Close Grip Bench | H12: 4 | I12: 6 | J12: 0.02 | K12: -0.05
B13: Bench auxiliary 1 | C13: Close Grip Bench | D13: 310 | E13: 0.9 | G13: =C14 -> Incline Press | H13: 4 | I13: 6 | J13: 0.02 | K13: -0.05
B14: Bench auxiliary 2 | C14: Incline Press | D14: 280 | E14: 0.9 | G14: =C15 -> Sumo Deadlift | H14: 4 | I14: 6 | J14: 0.02 | K14: -0.05
B15: Deadlift auxiliary | C15: Sumo Deadlift | D15: 500 | E15: 0.9 | G15: =C16 -> Push Press | H15: 4 | I15: 6 | J15: 0.02 | K15: -0.05
B16: OHP auxiliary | C16: Push Press | D16: 245 | E16: 0.9
B18: Back exercises
B19: Barbell rows
B20: DB rows
B21: Chest supported rows
B22: T-bar rows
B23: Pull-ups
B24: Chin-ups
B25: Neutral grip pull-ups
B26: Pull-downs
C32: Reps at a given percent
C33: 0.5 | D33: 0.525 | E33: 0.55 | F33: 0.575 | G33: 0.6 | H33: 0.625 | I33: 0.65 | J33: 0.675 | K33: 0.7 | L33: 0.725 | M33: 0.75 | N33: 0.775 | O33: 0.8 | P33: 0.825 | Q33: 0.85 | R33: 0.875 | S33: 0.9 | T33: 0.925 | U33: 0.95 | V33: 0.975 | W33: 1
B34: ='Quick Setup'!C5 -> Squat | C34: 8 | D34: 8 | E34: 8 | F34: 8 | G34: 7 | H34: 7 | I34: 6 | J34: 6 | K34: 5 | L34: 5 | M34: 4 | N34: 4 | O34: 3 | P34: 3 | Q34: 2 | R34: 2 | S34: 1 | T34: 1 | U34: 1 | V34: 1 | W34: 1
B35: ='Quick Setup'!C6 -> Bench Press | C35: =C34 -> 8 | D35: =D34 -> 8 | E35: =E34 -> 8 | F35: =F34 -> 8 | G35: =G34 -> 7 | H35: =H34 -> 7 | I35: =I34 -> 6 | J35: =J34 -> 6 | ... W35: =W34 -> 1
B36: ='Quick Setup'!C7 -> Deadlift | C36: =C35 -> 8 | D36: =D35 -> 8 | E36: =E35 -> 8 | F36: =F35 -> 8 | G36: =G35 -> 7 | H36: =H35 -> 7 | I36: =I35 -> 6 | J36: =J35 -> 6 | ... W36: =W35 -> 1
B37: ='Quick Setup'!C8 -> OHP | C37: =C36 -> 8 | D37: =D36 -> 8 | E37: =E36 -> 8 | F37: =F36 -> 8 | G37: =G36 -> 7 | H37: =H36 -> 7 | I37: =I36 -> 6 | J37: =J36 -> 6 | ... W37: =W36 -> 1
B38: ='Quick Setup'!C11 -> Front Squat | C38: =C37 -> 8 | D38: =D37 -> 8 | E38: =E37 -> 8 | F38: =F37 -> 8 | G38: =G37 -> 7 | H38: =H37 -> 7 | I38: =I37 -> 6 | J38: =J37 -> 6 | ... W38: =W37 -> 1
B39: ='Quick Setup'!C12 -> Paused Squat | C39: =C38 -> 8 | D39: =D38 -> 8 | E39: =E38 -> 8 | F39: =F38 -> 8 | G39: =G38 -> 7 | H39: =H38 -> 7 | I39: =I38 -> 6 | J39: =J38 -> 6 | ... W39: =W38 -> 1
B40: ='Quick Setup'!C13 -> Close Grip Bench | C40: =C39 -> 8 | D40: =D39 -> 8 | E40: =E39 -> 8 | F40: =F39 -> 8 | G40: =G39 -> 7 | H40: =H39 -> 7 | I40: =I39 -> 6 | J40: =J39 -> 6 | ... W40: =W39 -> 1
B41: ='Quick Setup'!C14 -> Incline Press | C41: =C40 -> 8 | D41: =D40 -> 8 | E41: =E40 -> 8 | F41: =F40 -> 8 | G41: =G40 -> 7 | H41: =H40 -> 7 | I41: =I40 -> 6 | J41: =J40 -> 6 | ... W41: =W40 -> 1
B42: ='Quick Setup'!C15 -> Sumo Deadlift | C42: =C41 -> 8 | D42: =D41 -> 8 | E42: =E41 -> 8 | F42: =F41 -> 8 | G42: =G41 -> 7 | H42: =H41 -> 7 | I42: =I41 -> 6 | J42: =J41 -> 6 | ... W42: =W41 -> 1
B43: ='Quick Setup'!C16 -> Push Press | C43: =C42 -> 8 | D43: =D42 -> 8 | E43: =E42 -> 8 | F43: =F42 -> 8 | G43: =G42 -> 7 | H43: =H42 -> 7 | I43: =I42 -> 6 | J43: =J42 -> 6 | ... W43: =W42 -> 1
C46: RIR cutoffs
C47: 0.5 | D47: 0.525 | E47: 0.55 | F47: 0.575 | G47: 0.6 | H47: 0.625 | I47: 0.65 | J47: 0.675 | K47: 0.7 | L47: 0.725 | M47: 0.75 | N47: 0.775 | O47: 0.8 | P47: 0.825 | Q47: 0.85 | R47: 0.875 | S47: 0.9 | T47: 0.925 | U47: 0.95 | V47: 0.975 | W47: 1
B48: ='Quick Setup'!C5 -> Squat | C48: 5 | D48: 5 | E48: 5 | F48: 5 | G48: 4 | H48: 4 | I48: 4 | J48: 4 | K48: 3 | L48: 3 | M48: 3 | N48: 3 | O48: 2 | P48: 2 | Q48: 2 | R48: 2 | S48: 1 | T48: 1 | U48: 1 | V48: 0 | W48: 0
B49: ='Quick Setup'!C6 -> Bench Press | C49: 5 | D49: 5 | E49: 5 | F49: 5 | G49: 4 | H49: 4 | I49: 4 | J49: 4 | K49: 3 | L49: 3 | M49: 3 | N49: 3 | O49: 2 | P49: 2 | Q49: 2 | R49: 2 | S49: 1 | T49: 1 | U49: 1 | V49: 0 | W49: 0
B50: ='Quick Setup'!C7 -> Deadlift | C50: 5 | D50: 5 | E50: 5 | F50: 5 | G50: 4 | H50: 4 | I50: 4 | J50: 4 | K50: 3 | L50: 3 | M50: 3 | N50: 3 | O50: 2 | P50: 2 | Q50: 2 | R50: 2 | S50: 1 | T50: 1 | U50: 1 | V50: 0 | W50: 0
B51: ='Quick Setup'!C8 -> OHP | C51: 5 | D51: 5 | E51: 5 | F51: 5 | G51: 4 | H51: 4 | I51: 4 | J51: 4 | K51: 3 | L51: 3 | M51: 3 | N51: 3 | O51: 2 | P51: 2 | Q51: 2 | R51: 2 | S51: 1 | T51: 1 | U51: 1 | V51: 0 | W51: 0
B52: ='Quick Setup'!C11 -> Front Squat | C52: 5 | D52: 5 | E52: 5 | F52: 5 | G52: 4 | H52: 4 | I52: 4 | J52: 4 | K52: 3 | L52: 3 | M52: 3 | N52: 3 | O52: 2 | P52: 2 | Q52: 2 | R52: 2 | S52: 1 | T52: 1 | U52: 1 | V52: 0 | W52: 0
B53: ='Quick Setup'!C12 -> Paused Squat | C53: 5 | D53: 5 | E53: 5 | F53: 5 | G53: 4 | H53: 4 | I53: 4 | J53: 4 | K53: 3 | L53: 3 | M53: 3 | N53: 3 | O53: 2 | P53: 2 | Q53: 2 | R53: 2 | S53: 1 | T53: 1 | U53: 1 | V53: 0 | W53: 0
B54: ='Quick Setup'!C13 -> Close Grip Bench | C54: 5 | D54: 5 | E54: 5 | F54: 5 | G54: 4 | H54: 4 | I54: 4 | J54: 4 | K54: 3 | L54: 3 | M54: 3 | N54: 3 | O54: 2 | P54: 2 | Q54: 2 | R54: 2 | S54: 1 | T54: 1 | U54: 1 | V54: 0 | W54: 0
B55: ='Quick Setup'!C14 -> Incline Press | C55: 5 | D55: 5 | E55: 5 | F55: 5 | G55: 4 | H55: 4 | I55: 4 | J55: 4 | K55: 3 | L55: 3 | M55: 3 | N55: 3 | O55: 2 | P55: 2 | Q55: 2 | R55: 2 | S55: 1 | T55: 1 | U55: 1 | V55: 0 | W55: 0
B56: ='Quick Setup'!C15 -> Sumo Deadlift | C56: 5 | D56: 5 | E56: 5 | F56: 5 | G56: 4 | H56: 4 | I56: 4 | J56: 4 | K56: 3 | L56: 3 | M56: 3 | N56: 3 | O56: 2 | P56: 2 | Q56: 2 | R56: 2 | S56: 1 | T56: 1 | U56: 1 | V56: 0 | W56: 0
B57: ='Quick Setup'!C16 -> Push Press | C57: 5 | D57: 5 | E57: 5 | F57: 5 | G57: 4 | H57: 4 | I57: 4 | J57: 4 | K57: 3 | L57: 3 | M57: 3 | N57: 3 | O57: 2 | P57: 2 | Q57: 2 | R57: 2 | S57: 1 | T57: 1 | U57: 1 | V57: 0 | W57: 0
C59: Intensity
B60: Week | C60: 1 | D60: =C60+1 -> 2 | E60: =D60+1 -> 3 | F60: =E60+1 -> 4 | G60: =F60+1 -> 5 | H60: =G60+1 -> 6 | I60: =H60+1 -> 7 | J60: =I60+1 -> 8 | K60: =J60+1 -> 9 | ... W60: =V60+1 -> 21
B61: ='Quick Setup'!C5 -> Squat | C61: 0.7 | D61: 0.75 | E61: 0.8 | F61: 0.725 | G61: 0.775 | H61: 0.825 | I61: 0.6 | J61: 0.75 | K61: 0.8 | L61: 0.85 | M61: 0.775 | N61: 0.825 | O61: 0.875 | P61: 0.6 | Q61: 0.8 | R61: 0.85 | S61: 0.9 | T61: 0.85 | U61: 0.9 | V61: 0.95 | W61: 0.6
B62: ='Quick Setup'!C6 -> Bench Press | C62: =C61 -> 0.7 | D62: =D61 -> 0.75 | E62: =E61 -> 0.8 | F62: =F61 -> 0.725 | G62: =G61 -> 0.775 | H62: =H61 -> 0.825 | I62: =I61 -> 0.6 | J62: =J61 -> 0.75 | ... W62: =W61 -> 0.6
B63: ='Quick Setup'!C7 -> Deadlift | C63: =C62 -> 0.7 | D63: =D62 -> 0.75 | E63: =E62 -> 0.8 | F63: =F62 -> 0.725 | G63: =G62 -> 0.775 | H63: =H62 -> 0.825 | I63: =I62 -> 0.6 | J63: =J62 -> 0.75 | ... W63: =W62 -> 0.6
B64: ='Quick Setup'!C8 -> OHP | C64: =C63 -> 0.7 | D64: =D63 -> 0.75 | E64: =E63 -> 0.8 | F64: =F63 -> 0.725 | G64: =G63 -> 0.775 | H64: =H63 -> 0.825 | I64: =I63 -> 0.6 | J64: =J63 -> 0.75 | ... W64: =W63 -> 0.6
B65: ='Quick Setup'!C11 -> Front Squat | C65: =C61-0.1 -> 0.6 | D65: =D61-0.1 -> 0.65 | E65: =E61-0.1 -> 0.7 | F65: =F61-0.1 -> 0.625 | G65: =G61-0.1 -> 0.675 | H65: =H61-0.1 -> 0.725 | I65: =I61-0.1 -> 0.5 | J65: =J61-0.1 -> 0.65 | ... W65: =W61-0.1 -> 0.5
B66: ='Quick Setup'!C12 -> Paused Squat | C66: =C65 -> 0.6 | D66: =D65 -> 0.65 | E66: =E65 -> 0.7 | F66: =F65 -> 0.625 | G66: =G65 -> 0.675 | H66: =H65 -> 0.725 | I66: =I65 -> 0.5 | J66: =J65 -> 0.65 | ... W66: =W65 -> 0.5
B67: ='Quick Setup'!C13 -> Close Grip Bench | C67: =C66 -> 0.6 | D67: =D66 -> 0.65 | E67: =E66 -> 0.7 | F67: =F66 -> 0.625 | G67: =G66 -> 0.675 | H67: =H66 -> 0.725 | I67: =I66 -> 0.5 | J67: =J66 -> 0.65 | ... W67: =W66 -> 0.5
B68: ='Quick Setup'!C14 -> Incline Press | C68: =C67 -> 0.6 | D68: =D67 -> 0.65 | E68: =E67 -> 0.7 | F68: =F67 -> 0.625 | G68: =G67 -> 0.675 | H68: =H67 -> 0.725 | I68: =I67 -> 0.5 | J68: =J67 -> 0.65 | ... W68: =W67 -> 0.5
B69: ='Quick Setup'!C15 -> Sumo Deadlift | C69: =C68 -> 0.6 | D69: =D68 -> 0.65 | E69: =E68 -> 0.7 | F69: =F68 -> 0.625 | G69: =G68 -> 0.675 | H69: =H68 -> 0.725 | I69: =I68 -> 0.5 | J69: =J68 -> 0.65 | ... W69: =W68 -> 0.5
B70: ='Quick Setup'!C16 -> Push Press | C70: =C69 -> 0.6 | D70: =D69 -> 0.65 | E70: =E69 -> 0.7 | F70: =F69 -> 0.625 | G70: =G69 -> 0.675 | H70: =H69 -> 0.725 | I70: =I69 -> 0.5 | J70: =J69 -> 0.65 | ... W70: =W69 -> 0.5

Sheet Setup
A1: Week | B1: 1 | I1: =B1+1 -> 2 | P1: =I1+1 -> 3 | W1: =P1+1 -> 4 | AD1: =W1+1 -> 5 | AK1: =AD1+1 -> 6 | AR1: =AK1+1 -> 7 | AY1: =AR1+1 -> 8 | BF1: =AY1+1 -> 9 | BM1: =BF1+1 -> 10 | BT1: =BM1+1 -> 11 | CA1: =BT1+1 -> 12 | CH1: =CA1+1 -> 13 | CO1: =CH1+1 -> 14 | CV1: =CO1+1 -> 15 | DC1: =CV1+1 -> 16 | DJ1: =DC1+1 -> 17 | DQ1: =DJ1+1 -> 18 | DX1: =DQ1+1 -> 19 | EE1: =DX1+1 -> 20 | EL1: =EE1+1 -> 21
E2: Sets per week | G2: When above or below set range | L2: Sets per week | N2: When above or below set range | S2: Sets per week | U2: When above or below set range | Z2: Sets per week | AB2: When above or below set range | AG2: Sets per week | AI2: When above or below set range | AN2: Sets per week | AP2: When above or below set range | AU2: Sets per week | AW2: When above or below set range | BB2: Sets per week | BD2: When above or below set range | BI2: Sets per week | BK2: When above or below set range | BP2: Sets per week | BR2: When above or below set range | BW2: Sets per week | BY2: When above or below set range | CD2: Sets per week | CF2: When above or below set range | CK2: Sets per week | CM2: When above or below set range | CR2: Sets per week | CT2: When above or below set range | CY2: Sets per week | DA2: When above or below set range | DF2: Sets per week | DH2: When above or below set range | DM2: Sets per week | DO2: When above or below set range | DT2: Sets per week | DV2: When above or below set range | EA2: Sets per week | EC2: When above or below set range | EH2: Sets per week | EJ2: When above or below set range | EO2: Sets per week | EQ2: When above or below set range
A3: Lift | B3: Intensity | C3: Reps per set | D3: RIR Cutoff | E3: Lower threshold | F3: Upper threshold | G3: Increases | H3: Decreases | I3: Intensity | J3: Reps per set | K3: RIR Cutoff | L3: Lower threshold | M3: Upper threshold | N3: Increases | O3: Decreases | P3: Intensity | Q3: Reps per set | R3: RIR Cutoff | S3: Lower threshold | T3: Upper threshold | U3: Increases | V3: Decreases | W3: Intensity | X3: Reps per set | Y3: RIR Cutoff | Z3: Lower threshold | AA3: Upper threshold | AB3: Increases | AC3: Decreases | AD3: Intensity | AE3: Reps per set | AF3: RIR Cutoff | AG3: Lower threshold | AH3: Upper threshold | AI3: Increases | AJ3: Decreases | AK3: Intensity | AL3: Reps per set | AM3: RIR Cutoff | AN3: Lower threshold | AO3: Upper threshold | AP3: Increases | AQ3: Decreases | AR3: Intensity | AS3: Reps per set | AT3: RIR Cutoff | AU3: Lower threshold | AV3: Upper threshold | AW3: Increases | AX3: Decreases | AY3: Intensity | AZ3: Reps per set | BA3: RIR Cutoff | BB3: Lower threshold | BC3: Upper threshold | BD3: Increases | BE3: Decreases | BF3: Intensity | BG3: Reps per set | BH3: RIR Cutoff | BI3: Lower threshold | BJ3: Upper threshold | BK3: Increases | BL3: Decreases | BM3: Intensity | BN3: Reps per set | BO3: RIR Cutoff | BP3: Lower threshold | BQ3: Upper threshold | BR3: Increases | BS3: Decreases | BT3: Intensity | BU3: Reps per set | BV3: RIR Cutoff | BW3: Lower threshold | BX3: Upper threshold | BY3: Increases | BZ3: Decreases | CA3: Intensity | CB3: Reps per set | CC3: RIR Cutoff | CD3: Lower threshold | CE3: Upper threshold | CF3: Increases | CG3: Decreases | CH3: Intensity | CI3: Reps per set | CJ3: RIR Cutoff | CK3: Lower threshold | CL3: Upper threshold | CM3: Increases | CN3: Decreases | CO3: Intensity | CP3: Reps per set | CQ3: RIR Cutoff | CR3: Lower threshold | CS3: Upper threshold | CT3: Increases | CU3: Decreases | CV3: Intensity | CW3: Reps per set | CX3: RIR Cutoff | CY3: Lower threshold | CZ3: Upper threshold | DA3: Increases | DB3: Decreases | DC3: Intensity | DD3: Reps per set | DE3: RIR Cutoff | DF3: Lower threshold | DG3: Upper threshold | DH3: Increases | DI3: Decreases | DJ3: Intensity | DK3: Reps per set | DL3: RIR Cutoff | DM3: Lower threshold | DN3: Upper threshold | DO3: Increases | DP3: Decreases | DQ3: Intensity | DR3: Reps per set | DS3: RIR Cutoff | DT3: Lower threshold | DU3: Upper threshold | DV3: Increases | DW3: Decreases | DX3: Intensity | DY3: Reps per set | DZ3: RIR Cutoff | EA3: Lower threshold | EB3: Upper threshold | EC3: Increases | ED3: Decreases | EE3: Intensity | EF3: Reps per set | EG3: RIR Cutoff | EH3: Lower threshold | EI3: Upper threshold | EJ3: Increases | EK3: Decreases | EL3: Intensity | EM3: Reps per set | EN3: RIR Cutoff | EO3: Lower threshold | EP3: Upper threshold | EQ3: Increases | ER3: Decreases
A4: ='Quick Setup'!C5 -> Squat | B4: ='Quick Setup'!C61 -> 0.7 | C4: =if(B4='Quick Setup'!$C$33,'Quick Setup'!$C34,if(B4='Quick Setup'!$D$33,'Quick Setup'!$D34,if(B4='Quick Setup'!$E$33,'Quick Setup'!$E34,if(B4='Quick Setup'!$F$33,'Quick Setup'!$F34,if(B4='Quick Setup'!$G$33,'Quick Setup'!$G34,if(B4='Quick Setup'!$H$33,'Quick Setup'!$H34,if(B4='Quick Setup'!$I$33,'Quick Setup'!$I34,if(B4='Quick Setup'!$J$33,'Quick Setup'!$J34,if(B4='Quick Setup'!$K$33,'Quick Setup'!$K34,if(B4='Quick Setup'!$L$33,'Quick Setup'!$L34,if(B4='Quick Setup'!$M$33,'Quick Setup'!$M34,if(B4='Quick Setup'!$N$33,'Quick Setup'!$N34,if(B4='Quick Setup'!$O$33,'Quick Setup'!$O34,if(B4='Quick Setup'!$P$33,'Quick Setup'!$P34,if(B4='Quick Setup'!$Q$33,'Quick Setup'!$Q34,if(B4='Quick Setup'!$R$33,'Quick Setup'!$R34,if(B4='Quick Setup'!$S$33,'Quick Setup'!$S34,if(B4='Quick Setup'!$T$33,'Quick Setup'!$T34,if(B4='Quick Setup'!$U$33,'Quick Setup'!$U34,if(B4='Quick Setup'!$V$33,'Quick Setup'!$V34,'Quick Setup'!W34)))))))))))))))))))) -> 5 | D4: =if(B4='Quick Setup'!$C$47,'Quick Setup'!$C48,if(B4='Quick Setup'!$D$47,'Quick Setup'!$D48,if(B4='Quick Setup'!$E$47,'Quick Setup'!$E48,if(B4='Quick Setup'!$F$47,'Quick Setup'!$F48,if(B4='Quick Setup'!$G$47,'Quick Setup'!$G48,if(B4='Quick Setup'!$H$47,'Quick Setup'!$H48,if(B4='Quick Setup'!$I$47,'Quick Setup'!$I48,if(B4='Quick Setup'!$J$47,'Quick Setup'!$J48,if(B4='Quick Setup'!$K$47,'Quick Setup'!$K48,if(B4='Quick Setup'!$L$47,'Quick Setup'!$L48,if(B4='Quick Setup'!$M$47,'Quick Setup'!$M48,if(B4='Quick Setup'!$N$47,'Quick Setup'!$N48,if(B4='Quick Setup'!$O$47,'Quick Setup'!$O48,if(B4='Quick Setup'!$P$47,'Quick Setup'!$P48,if(B4='Quick Setup'!$Q$47,'Quick Setup'!$Q48,if(B4='Quick Setup'!$R$47,'Quick Setup'!$R48,if(B4='Quick Setup'!$S$47,'Quick Setup'!$S48,if(B4='Quick Setup'!$T$47,'Quick Setup'!$T48,if(B4='Quick Setup'!$U$47,'Quick Setup'!$U48,if(B4='Quick Setup'!$V$47,'Quick Setup'!$V48,if(B4='Quick Setup'!$W$47,'Quick Setup'!$W48))))))))))))))))))))) -> 3 | E4: ='Quick Setup'!H6 -> 4 | F4: ='Quick Setup'!I6 -> 6 | G4: ='Quick Setup'!J6 -> 0.02 | H4: ='Quick Setup'!K6 -> -0.05 | I4: ='Quick Setup'!D61 -> 0.75 | J4: =if(I4='Quick Setup'!$C$33,'Quick Setup'!$C34,if(I4='Quick Setup'!$D$33,'Quick Setup'!$D34,if(I4='Quick Setup'!$E$33,'Quick Setup'!$E34,if(I4='Quick Setup'!$F$33,'Quick Setup'!$F34,if(I4='Quick Setup'!$G$33,'Quick Setup'!$G34,if(I4='Quick Setup'!$H$33,'Quick Setup'!$H34,if(I4='Quick Setup'!$I$33,'Quick Setup'!$I34,if(I4='Quick Setup'!$J$33,'Quick Setup'!$J34,if(I4='Quick Setup'!$K$33,'Quick Setup'!$K34,if(I4='Quick Setup'!$L$33,'Quick Setup'!$L34,if(I4='Quick Setup'!$M$33,'Quick Setup'!$M34,if(I4='Quick Setup'!$N$33,'Quick Setup'!$N34,if(I4='Quick Setup'!$O$33,'Quick Setup'!$O34,if(I4='Quick Setup'!$P$33,'Quick Setup'!$P34,if(I4='Quick Setup'!$Q$33,'Quick Setup'!$Q34,if(I4='Quick Setup'!$R$33,'Quick Setup'!$R34,if(I4='Quick Setup'!$S$33,'Quick Setup'!$S34,if(I4='Quick Setup'!$T$33,'Quick Setup'!$T34,if(I4='Quick Setup'!$U$33,'Quick Setup'!$U34,if(I4='Quick Setup'!$V$33,'Quick Setup'!$V34,'2x'!AD5)))))))))))))))))))) -> 4 | K4: =if(I4='Quick Setup'!$C$47,'Quick Setup'!$C48,if(I4='Quick Setup'!$D$47,'Quick Setup'!$D48,if(I4='Quick Setup'!$E$47,'Quick Setup'!$E48,if(I4='Quick Setup'!$F$47,'Quick Setup'!$F48,if(I4='Quick Setup'!$G$47,'Quick Setup'!$G48,if(I4='Quick Setup'!$H$47,'Quick Setup'!$H48,if(I4='Quick Setup'!$I$47,'Quick Setup'!$I48,if(I4='Quick Setup'!$J$47,'Quick Setup'!$J48,if(I4='Quick Setup'!$K$47,'Quick Setup'!$K48,if(I4='Quick Setup'!$L$47,'Quick Setup'!$L48,if(I4='Quick Setup'!$M$47,'Quick Setup'!$M48,if(I4='Quick Setup'!$N$47,'Quick Setup'!$N48,if(I4='Quick Setup'!$O$47,'Quick Setup'!$O48,if(I4='Quick Setup'!$P$47,'Quick Setup'!$P48,if(I4='Quick Setup'!$Q$47,'Quick Setup'!$Q48,if(I4='Quick Setup'!$R$47,'Quick Setup'!$R48,if(I4='Quick Setup'!$S$47,'Quick Setup'!$S48,if(I4='Quick Setup'!$T$47,'Quick Setup'!$T48,if(I4='Quick Setup'!$U$47,'Quick Setup'!$U48,if(I4='Quick Setup'!$V$47,'Quick Setup'!$V48,if(I4='Quick Setup'!$W$47,'Quick Setup'!$W48))))))))))))))))))))) -> 3 | L4: =E4 -> 4 | M4: =F4 -> 6 | N4: =G4 -> 0.02 | O4: =H4 -> -0.05 | P4: ='Quick Setup'!E61 -> 0.8 | Q4: =if(P4='Quick Setup'!$C$33,'Quick Setup'!$C34,if(P4='Quick Setup'!$D$33,'Quick Setup'!$D34,if(P4='Quick Setup'!$E$33,'Quick Setup'!$E34,if(P4='Quick Setup'!$F$33,'Quick Setup'!$F34,if(P4='Quick Setup'!$G$33,'Quick Setup'!$G34,if(P4='Quick Setup'!$H$33,'Quick Setup'!$H34,if(P4='Quick Setup'!$I$33,'Quick Setup'!$I34,if(P4='Quick Setup'!$J$33,'Quick Setup'!$J34,if(P4='Quick Setup'!$K$33,'Quick Setup'!$K34,if(P4='Quick Setup'!$L$33,'Quick Setup'!$L34,if(P4='Quick Setup'!$M$33,'Quick Setup'!$M34,if(P4='Quick Setup'!$N$33,'Quick Setup'!$N34,if(P4='Quick Setup'!$O$33,'Quick Setup'!$O34,if(P4='Quick Setup'!$P$33,'Quick Setup'!$P34,if(P4='Quick Setup'!$Q$33,'Quick Setup'!$Q34,if(P4='Quick Setup'!$R$33,'Quick Setup'!$R34,if(P4='Quick Setup'!$S$33,'Quick Setup'!$S34,if(P4='Quick Setup'!$T$33,'Quick Setup'!$T34,if(P4='Quick Setup'!$U$33,'Quick Setup'!$U34,if(P4='Quick Setup'!$V$33,'Quick Setup'!$V34,'2x'!AK5)))))))))))))))))))) -> 3 | R4: =if(P4='Quick Setup'!$C$47,'Quick Setup'!$C48,if(P4='Quick Setup'!$D$47,'Quick Setup'!$D48,if(P4='Quick Setup'!$E$47,'Quick Setup'!$E48,if(P4='Quick Setup'!$F$47,'Quick Setup'!$F48,if(P4='Quick Setup'!$G$47,'Quick Setup'!$G48,if(P4='Quick Setup'!$H$47,'Quick Setup'!$H48,if(P4='Quick Setup'!$I$47,'Quick Setup'!$I48,if(P4='Quick Setup'!$J$47,'Quick Setup'!$J48,if(P4='Quick Setup'!$K$47,'Quick Setup'!$K48,if(P4='Quick Setup'!$L$47,'Quick Setup'!$L48,if(P4='Quick Setup'!$M$47,'Quick Setup'!$M48,if(P4='Quick Setup'!$N$47,'Quick Setup'!$N48,if(P4='Quick Setup'!$O$47,'Quick Setup'!$O48,if(P4='Quick Setup'!$P$47,'Quick Setup'!$P48,if(P4='Quick Setup'!$Q$47,'Quick Setup'!$Q48,if(P4='Quick Setup'!$R$47,'Quick Setup'!$R48,if(P4='Quick Setup'!$S$47,'Quick Setup'!$S48,if(P4='Quick Setup'!$T$47,'Quick Setup'!$T48,if(P4='Quick Setup'!$U$47,'Quick Setup'!$U48,if(P4='Quick Setup'!$V$47,'Quick Setup'!$V48,if(P4='Quick Setup'!$W$47,'Quick Setup'!$W48))))))))))))))))))))) -> 2 | S4: =L4 -> 4 | T4: =M4 -> 6 | U4: =N4 -> 0.02 | V4: =O4 -> -0.05 | W4: ='Quick Setup'!F61 -> 0.725 | X4: =if(W4='Quick Setup'!$C$33,'Quick Setup'!$C34,if(W4='Quick Setup'!$D$33,'Quick Setup'!$D34,if(W4='Quick Setup'!$E$33,'Quick Setup'!$E34,if(W4='Quick Setup'!$F$33,'Quick Setup'!$F34,if(W4='Quick Setup'!$G$33,'Quick Setup'!$G34,if(W4='Quick Setup'!$H$33,'Quick Setup'!$H34,if(W4='Quick Setup'!$I$33,'Quick Setup'!$I34,if(W4='Quick Setup'!$J$33,'Quick Setup'!$J34,if(W4='Quick Setup'!$K$33,'Quick Setup'!$K34,if(W4='Quick Setup'!$L$33,'Quick Setup'!$L34,if(W4='Quick Setup'!$M$33,'Quick Setup'!$M34,if(W4='Quick Setup'!$N$33,'Quick Setup'!$N34,if(W4='Quick Setup'!$O$33,'Quick Setup'!$O34,if(W4='Quick Setup'!$P$33,'Quick Setup'!$P34,if(W4='Quick Setup'!$Q$33,'Quick Setup'!$Q34,if(W4='Quick Setup'!$R$33,'Quick Setup'!$R34,if(W4='Quick Setup'!$S$33,'Quick Setup'!$S34,if(W4='Quick Setup'!$T$33,'Quick Setup'!$T34,if(W4='Quick Setup'!$U$33,'Quick Setup'!$U34,if(W4='Quick Setup'!$V$33,'Quick Setup'!$V34,'2x'!AR5)))))))))))))))))))) -> 5 | Y4: =if(W4='Quick Setup'!$C$47,'Quick Setup'!$C48,if(W4='Quick Setup'!$D$47,'Quick Setup'!$D48,if(W4='Quick Setup'!$E$47,'Quick Setup'!$E48,if(W4='Quick Setup'!$F$47,'Quick Setup'!$F48,if(W4='Quick Setup'!$G$47,'Quick Setup'!$G48,if(W4='Quick Setup'!$H$47,'Quick Setup'!$H48,if(W4='Quick Setup'!$I$47,'Quick Setup'!$I48,if(W4='Quick Setup'!$J$47,'Quick Setup'!$J48,if(W4='Quick Setup'!$K$47,'Quick Setup'!$K48,if(W4='Quick Setup'!$L$47,'Quick Setup'!$L48,if(W4='Quick Setup'!$M$47,'Quick Setup'!$M48,if(W4='Quick Setup'!$N$47,'Quick Setup'!$N48,if(W4='Quick Setup'!$O$47,'Quick Setup'!$O48,if(W4='Quick Setup'!$P$47,'Quick Setup'!$P48,if(W4='Quick Setup'!$Q$47,'Quick Setup'!$Q48,if(W4='Quick Setup'!$R$47,'Quick Setup'!$R48,if(W4='Quick Setup'!$S$47,'Quick Setup'!$S48,if(W4='Quick Setup'!$T$47,'Quick Setup'!$T48,if(W4='Quick Setup'!$U$47,'Quick Setup'!$U48,if(W4='Quick Setup'!$V$47,'Quick Setup'!$V48,if(W4='Quick Setup'!$W$47,'Quick Setup'!$W48))))))))))))))))))))) -> 3 | Z4: =S4 -> 4 | AA4: =T4 -> 6 | AB4: =U4 -> 0.02 | AC4: =V4 -> -0.05 | AD4: ='Quick Setup'!G61 -> 0.775 | AE4: =if(AD4='Quick Setup'!$C$33,'Quick Setup'!$C34,if(AD4='Quick Setup'!$D$33,'Quick Setup'!$D34,if(AD4='Quick Setup'!$E$33,'Quick Setup'!$E34,if(AD4='Quick Setup'!$F$33,'Quick Setup'!$F34,if(AD4='Quick Setup'!$G$33,'Quick Setup'!$G34,if(AD4='Quick Setup'!$H$33,'Quick Setup'!$H34,if(AD4='Quick Setup'!$I$33,'Quick Setup'!$I34,if(AD4='Quick Setup'!$J$33,'Quick Setup'!$J34,if(AD4='Quick Setup'!$K$33,'Quick Setup'!$K34,if(AD4='Quick Setup'!$L$33,'Quick Setup'!$L34,if(AD4='Quick Setup'!$M$33,'Quick Setup'!$M34,if(AD4='Quick Setup'!$N$33,'Quick Setup'!$N34,if(AD4='Quick Setup'!$O$33,'Quick Setup'!$O34,if(AD4='Quick Setup'!$P$33,'Quick Setup'!$P34,if(AD4='Quick Setup'!$Q$33,'Quick Setup'!$Q34,if(AD4='Quick Setup'!$R$33,'Quick Setup'!$R34,if(AD4='Quick Setup'!$S$33,'Quick Setup'!$S34,if(AD4='Quick Setup'!$T$33,'Quick Setup'!$T34,if(AD4='Quick Setup'!$U$33,'Quick Setup'!$U34,if(AD4='Quick Setup'!$V$33,'Quick Setup'!$V34,'2x'!AY5)))))))))))))))))))) -> 4 | AF4: =if(AD4='Quick Setup'!$C$47,'Quick Setup'!$C48,if(AD4='Quick Setup'!$D$47,'Quick Setup'!$D48,if(AD4='Quick Setup'!$E$47,'Quick Setup'!$E48,if(AD4='Quick Setup'!$F$47,'Quick Setup'!$F48,if(AD4='Quick Setup'!$G$47,'Quick Setup'!$G48,if(AD4='Quick Setup'!$H$47,'Quick Setup'!$H48,if(AD4='Quick Setup'!$I$47,'Quick Setup'!$I48,if(AD4='Quick Setup'!$J$47,'Quick Setup'!$J48,if(AD4='Quick Setup'!$K$47,'Quick Setup'!$K48,if(AD4='Quick Setup'!$L$47,'Quick Setup'!$L48,if(AD4='Quick Setup'!$M$47,'Quick Setup'!$M48,if(AD4='Quick Setup'!$N$47,'Quick Setup'!$N48,if(AD4='Quick Setup'!$O$47,'Quick Setup'!$O48,if(AD4='Quick Setup'!$P$47,'Quick Setup'!$P48,if(AD4='Quick Setup'!$Q$47,'Quick Setup'!$Q48,if(AD4='Quick Setup'!$R$47,'Quick Setup'!$R48,if(AD4='Quick Setup'!$S$47,'Quick Setup'!$S48,if(AD4='Quick Setup'!$T$47,'Quick Setup'!$T48,if(AD4='Quick Setup'!$U$47,'Quick Setup'!$U48,if(AD4='Quick Setup'!$V$47,'Quick Setup'!$V48,if(AD4='Quick Setup'!$W$47,'Quick Setup'!$W48))))))))))))))))))))) -> 3 | AG4: =Z4 -> 4 | AH4: =AA4 -> 6 | AI4: =AB4 -> 0.02 | AJ4: =AC4 -> -0.05 | AK4: ='Quick Setup'!H61 -> 0.825 | AL4: =if(AK4='Quick Setup'!$C$33,'Quick Setup'!$C34,if(AK4='Quick Setup'!$D$33,'Quick Setup'!$D34,if(AK4='Quick Setup'!$E$33,'Quick Setup'!$E34,if(AK4='Quick Setup'!$F$33,'Quick Setup'!$F34,if(AK4='Quick Setup'!$G$33,'Quick Setup'!$G34,if(AK4='Quick Setup'!$H$33,'Quick Setup'!$H34,if(AK4='Quick Setup'!$I$33,'Quick Setup'!$I34,if(AK4='Quick Setup'!$J$33,'Quick Setup'!$J34,if(AK4='Quick Setup'!$K$33,'Quick Setup'!$K34,if(AK4='Quick Setup'!$L$33,'Quick Setup'!$L34,if(AK4='Quick Setup'!$M$33,'Quick Setup'!$M34,if(AK4='Quick Setup'!$N$33,'Quick Setup'!$N34,if(AK4='Quick Setup'!$O$33,'Quick Setup'!$O34,if(AK4='Quick Setup'!$P$33,'Quick Setup'!$P34,if(AK4='Quick Setup'!$Q$33,'Quick Setup'!$Q34,if(AK4='Quick Setup'!$R$33,'Quick Setup'!$R34,if(AK4='Quick Setup'!$S$33,'Quick Setup'!$S34,if(AK4='Quick Setup'!$T$33,'Quick Setup'!$T34,if(AK4='Quick Setup'!$U$33,'Quick Setup'!$U34,if(AK4='Quick Setup'!$V$33,'Quick Setup'!$V34,'2x'!BF5)))))))))))))))))))) -> 3 | AM4: =if(AK4='Quick Setup'!$C$47,'Quick Setup'!$C48,if(AK4='Quick Setup'!$D$47,'Quick Setup'!$D48,if(AK4='Quick Setup'!$E$47,'Quick Setup'!$E48,if(AK4='Quick Setup'!$F$47,'Quick Setup'!$F48,if(AK4='Quick Setup'!$G$47,'Quick Setup'!$G48,if(AK4='Quick Setup'!$H$47,'Quick Setup'!$H48,if(AK4='Quick Setup'!$I$47,'Quick Setup'!$I48,if(AK4='Quick Setup'!$J$47,'Quick Setup'!$J48,if(AK4='Quick Setup'!$K$47,'Quick Setup'!$K48,if(AK4='Quick Setup'!$L$47,'Quick Setup'!$L48,if(AK4='Quick Setup'!$M$47,'Quick Setup'!$M48,if(AK4='Quick Setup'!$N$47,'Quick Setup'!$N48,if(AK4='Quick Setup'!$O$47,'Quick Setup'!$O48,if(AK4='Quick Setup'!$P$47,'Quick Setup'!$P48,if(AK4='Quick Setup'!$Q$47,'Quick Setup'!$Q48,if(AK4='Quick Setup'!$R$47,'Quick Setup'!$R48,if(AK4='Quick Setup'!$S$47,'Quick Setup'!$S48,if(AK4='Quick Setup'!$T$47,'Quick Setup'!$T48,if(AK4='Quick Setup'!$U$47,'Quick Setup'!$U48,if(AK4='Quick Setup'!$V$47,'Quick Setup'!$V48,if(AK4='Quick Setup'!$W$47,'Quick Setup'!$W48))))))))))))))))))))) -> 2 | AN4: =AG4 -> 4 | AO4: =AH4 -> 6 | AP4: =AI4 -> 0.02 | AQ4: =AJ4 -> -0.05 | AR4: ='Quick Setup'!I61 -> 0.6 | AS4: =if(AR4='Quick Setup'!$C$33,'Quick Setup'!$C34,if(AR4='Quick Setup'!$D$33,'Quick Setup'!$D34,if(AR4='Quick Setup'!$E$33,'Quick Setup'!$E34,if(AR4='Quick Setup'!$F$33,'Quick Setup'!$F34,if(AR4='Quick Setup'!$G$33,'Quick Setup'!$G34,if(AR4='Quick Setup'!$H$33,'Quick Setup'!$H34,if(AR4='Quick Setup'!$I$33,'Quick Setup'!$I34,if(AR4='Quick Setup'!$J$33,'Quick Setup'!$J34,if(AR4='Quick Setup'!$K$33,'Quick Setup'!$K34,if(AR4='Quick Setup'!$L$33,'Quick Setup'!$L34,if(AR4='Quick Setup'!$M$33,'Quick Setup'!$M34,if(AR4='Quick Setup'!$N$33,'Quick Setup'!$N34,if(AR4='Quick Setup'!$O$33,'Quick Setup'!$O34,if(AR4='Quick Setup'!$P$33,'Quick Setup'!$P34,if(AR4='Quick Setup'!$Q$33,'Quick Setup'!$Q34,if(AR4='Quick Setup'!$R$33,'Quick Setup'!$R34,if(AR4='Quick Setup'!$S$33,'Quick Setup'!$S34,if(AR4='Quick Setup'!$T$33,'Quick Setup'!$T34,if(AR4='Quick Setup'!$U$33,'Quick Setup'!$U34,if(AR4='Quick Setup'!$V$33,'Quick Setup'!$V34,'2x'!BM5)))))))))))))))))))) -> 7 | AT4: =if(AR4='Quick Setup'!$C$47,'Quick Setup'!$C48,if(AR4='Quick Setup'!$D$47,'Quick Setup'!$D48,if(AR4='Quick Setup'!$E$47,'Quick Setup'!$E48,if(AR4='Quick Setup'!$F$47,'Quick Setup'!$F48,if(AR4='Quick Setup'!$G$47,'Quick Setup'!$G48,if(AR4='Quick Setup'!$H$47,'Quick Setup'!$H48,if(AR4='Quick Setup'!$I$47,'Quick Setup'!$I48,if(AR4='Quick Setup'!$J$47,'Quick Setup'!$J48,if(AR4='Quick Setup'!$K$47,'Quick Setup'!$K48,if(AR4='Quick Setup'!$L$47,'Quick Setup'!$L48,if(AR4='Quick Setup'!$M$47,'Quick Setup'!$M48,if(AR4='Quick Setup'!$N$47,'Quick Setup'!$N48,if(AR4='Quick Setup'!$O$47,'Quick Setup'!$O48,if(AR4='Quick Setup'!$P$47,'Quick Setup'!$P48,if(AR4='Quick Setup'!$Q$47,'Quick Setup'!$Q48,if(AR4='Quick Setup'!$R$47,'Quick Setup'!$R48,if(AR4='Quick Setup'!$S$47,'Quick Setup'!$S48,if(AR4='Quick Setup'!$T$47,'Quick Setup'!$T48,if(AR4='Quick Setup'!$U$47,'Quick Setup'!$U48,if(AR4='Quick Setup'!$V$47,'Quick Setup'!$V48,if(AR4='Quick Setup'!$W$47,'Quick Setup'!$W48))))))))))))))))))))) -> 4 | AU4: =AN4 -> 4 | AV4: =AO4 -> 6 | AW4: =AP4 -> 0.02 | AX4: =AQ4 -> -0.05 | AY4: ='Quick Setup'!J61 -> 0.75 | AZ4: =if(AY4='Quick Setup'!$C$33,'Quick Setup'!$C34,if(AY4='Quick Setup'!$D$33,'Quick Setup'!$D34,if(AY4='Quick Setup'!$E$33,'Quick Setup'!$E34,if(AY4='Quick Setup'!$F$33,'Quick Setup'!$F34,if(AY4='Quick Setup'!$G$33,'Quick Setup'!$G34,if(AY4='Quick Setup'!$H$33,'Quick Setup'!$H34,if(AY4='Quick Setup'!$I$33,'Quick Setup'!$I34,if(AY4='Quick Setup'!$J$33,'Quick Setup'!$J34,if(AY4='Quick Setup'!$K$33,'Quick Setup'!$K34,if(AY4='Quick Setup'!$L$33,'Quick Setup'!$L34,if(AY4='Quick Setup'!$M$33,'Quick Setup'!$M34,if(AY4='Quick Setup'!$N$33,'Quick Setup'!$N34,if(AY4='Quick Setup'!$O$33,'Quick Setup'!$O34,if(AY4='Quick Setup'!$P$33,'Quick Setup'!$P34,if(AY4='Quick Setup'!$Q$33,'Quick Setup'!$Q34,if(AY4='Quick Setup'!$R$33,'Quick Setup'!$R34,if(AY4='Quick Setup'!$S$33,'Quick Setup'!$S34,if(AY4='Quick Setup'!$T$33,'Quick Setup'!$T34,if(AY4='Quick Setup'!$U$33,'Quick Setup'!$U34,if(AY4='Quick Setup'!$V$33,'Quick Setup'!$V34,'2x'!BT5)))))))))))))))))))) -> 4 | BA4: =if(AY4='Quick Setup'!$C$47,'Quick Setup'!$C48,if(AY4='Quick Setup'!$D$47,'Quick Setup'!$D48,if(AY4='Quick Setup'!$E$47,'Quick Setup'!$E48,if(AY4='Quick Setup'!$F$47,'Quick Setup'!$F48,if(AY4='Quick Setup'!$G$47,'Quick Setup'!$G48,if(AY4='Quick Setup'!$H$47,'Quick Setup'!$H48,if(AY4='Quick Setup'!$I$47,'Quick Setup'!$I48,if(AY4='Quick Setup'!$J$47,'Quick Setup'!$J48,if(AY4='Quick Setup'!$K$47,'Quick Setup'!$K48,if(AY4='Quick Setup'!$L$47,'Quick Setup'!$L48,if(AY4='Quick Setup'!$M$47,'Quick Setup'!$M48,if(AY4='Quick Setup'!$N$47,'Quick Setup'!$N48,if(AY4='Quick Setup'!$O$47,'Quick Setup'!$O48,if(AY4='Quick Setup'!$P$47,'Quick Setup'!$P48,if(AY4='Quick Setup'!$Q$47,'Quick Setup'!$Q48,if(AY4='Quick Setup'!$R$47,'Quick Setup'!$R48,if(AY4='Quick Setup'!$S$47,'Quick Setup'!$S48,if(AY4='Quick Setup'!$T$47,'Quick Setup'!$T48,if(AY4='Quick Setup'!$U$47,'Quick Setup'!$U48,if(AY4='Quick Setup'!$V$47,'Quick Setup'!$V48,if(AY4='Quick Setup'!$W$47,'Quick Setup'!$W48))))))))))))))))))))) -> 3 | BB4: =AU4 -> 4 | BC4: =AV4 -> 6 | BD4: =AW4 -> 0.02 | BE4: =AX4 -> -0.05 | BF4: ='Quick Setup'!K61 -> 0.8 | BG4: =if(BF4='Quick Setup'!$C$33,'Quick Setup'!$C34,if(BF4='Quick Setup'!$D$33,'Quick Setup'!$D34,if(BF4='Quick Setup'!$E$33,'Quick Setup'!$E34,if(BF4='Quick Setup'!$F$33,'Quick Setup'!$F34,if(BF4='Quick Setup'!$G$33,'Quick Setup'!$G34,if(BF4='Quick Setup'!$H$33,'Quick Setup'!$H34,if(BF4='Quick Setup'!$I$33,'Quick Setup'!$I34,if(BF4='Quick Setup'!$J$33,'Quick Setup'!$J34,if(BF4='Quick Setup'!$K$33,'Quick Setup'!$K34,if(BF4='Quick Setup'!$L$33,'Quick Setup'!$L34,if(BF4='Quick Setup'!$M$33,'Quick Setup'!$M34,if(BF4='Quick Setup'!$N$33,'Quick Setup'!$N34,if(BF4='Quick Setup'!$O$33,'Quick Setup'!$O34,if(BF4='Quick Setup'!$P$33,'Quick Setup'!$P34,if(BF4='Quick Setup'!$Q$33,'Quick Setup'!$Q34,if(BF4='Quick Setup'!$R$33,'Quick Setup'!$R34,if(BF4='Quick Setup'!$S$33,'Quick Setup'!$S34,if(BF4='Quick Setup'!$T$33,'Quick Setup'!$T34,if(BF4='Quick Setup'!$U$33,'Quick Setup'!$U34,if(BF4='Quick Setup'!$V$33,'Quick Setup'!$V34,'2x'!CA5)))))))))))))))))))) -> 3 | BH4: =if(BF4='Quick Setup'!$C$47,'Quick Setup'!$C48,if(BF4='Quick Setup'!$D$47,'Quick Setup'!$D48,if(BF4='Quick Setup'!$E$47,'Quick Setup'!$E48,if(BF4='Quick Setup'!$F$47,'Quick Setup'!$F48,if(BF4='Quick Setup'!$G$47,'Quick Setup'!$G48,if(BF4='Quick Setup'!$H$47,'Quick Setup'!$H48,if(BF4='Quick Setup'!$I$47,'Quick Setup'!$I48,if(BF4='Quick Setup'!$J$47,'Quick Setup'!$J48,if(BF4='Quick Setup'!$K$47,'Quick Setup'!$K48,if(BF4='Quick Setup'!$L$47,'Quick Setup'!$L48,if(BF4='Quick Setup'!$M$47,'Quick Setup'!$M48,if(BF4='Quick Setup'!$N$47,'Quick Setup'!$N48,if(BF4='Quick Setup'!$O$47,'Quick Setup'!$O48,if(BF4='Quick Setup'!$P$47,'Quick Setup'!$P48,if(BF4='Quick Setup'!$Q$47,'Quick Setup'!$Q48,if(BF4='Quick Setup'!$R$47,'Quick Setup'!$R48,if(BF4='Quick Setup'!$S$47,'Quick Setup'!$S48,if(BF4='Quick Setup'!$T$47,'Quick Setup'!$T48,if(BF4='Quick Setup'!$U$47,'Quick Setup'!$U48,if(BF4='Quick Setup'!$V$47,'Quick Setup'!$V48,if(BF4='Quick Setup'!$W$47,'Quick Setup'!$W48))))))))))))))))))))) -> 2 | BI4: =BB4 -> 4 | BJ4: =BC4 -> 6 | BK4: =BD4 -> 0.02 | BL4: =BE4 -> -0.05 | BM4: ='Quick Setup'!L61 -> 0.85 | BN4: =if(BM4='Quick Setup'!$C$33,'Quick Setup'!$C34,if(BM4='Quick Setup'!$D$33,'Quick Setup'!$D34,if(BM4='Quick Setup'!$E$33,'Quick Setup'!$E34,if(BM4='Quick Setup'!$F$33,'Quick Setup'!$F34,if(BM4='Quick Setup'!$G$33,'Quick Setup'!$G34,if(BM4='Quick Setup'!$H$33,'Quick Setup'!$H34,if(BM4='Quick Setup'!$I$33,'Quick Setup'!$I34,if(BM4='Quick Setup'!$J$33,'Quick Setup'!$J34,if(BM4='Quick Setup'!$K$33,'Quick Setup'!$K34,if(BM4='Quick Setup'!$L$33,'Quick Setup'!$L34,if(BM4='Quick Setup'!$M$33,'Quick Setup'!$M34,if(BM4='Quick Setup'!$N$33,'Quick Setup'!$N34,if(BM4='Quick Setup'!$O$33,'Quick Setup'!$O34,if(BM4='Quick Setup'!$P$33,'Quick Setup'!$P34,if(BM4='Quick Setup'!$Q$33,'Quick Setup'!$Q34,if(BM4='Quick Setup'!$R$33,'Quick Setup'!$R34,if(BM4='Quick Setup'!$S$33,'Quick Setup'!$S34,if(BM4='Quick Setup'!$T$33,'Quick Setup'!$T34,if(BM4='Quick Setup'!$U$33,'Quick Setup'!$U34,if(BM4='Quick Setup'!$V$33,'Quick Setup'!$V34,'2x'!CH5)))))))))))))))))))) -> 2 | BO4: =if(BM4='Quick Setup'!$C$47,'Quick Setup'!$C48,if(BM4='Quick Setup'!$D$47,'Quick Setup'!$D48,if(BM4='Quick Setup'!$E$47,'Quick Setup'!$E48,if(BM4='Quick Setup'!$F$47,'Quick Setup'!$F48,if(BM4='Quick Setup'!$G$47,'Quick Setup'!$G48,if(BM4='Quick Setup'!$H$47,'Quick Setup'!$H48,if(BM4='Quick Setup'!$I$47,'Quick Setup'!$I48,if(BM4='Quick Setup'!$J$47,'Quick Setup'!$J48,if(BM4='Quick Setup'!$K$47,'Quick Setup'!$K48,if(BM4='Quick Setup'!$L$47,'Quick Setup'!$L48,if(BM4='Quick Setup'!$M$47,'Quick Setup'!$M48,if(BM4='Quick Setup'!$N$47,'Quick Setup'!$N48,if(BM4='Quick Setup'!$O$47,'Quick Setup'!$O48,if(BM4='Quick Setup'!$P$47,'Quick Setup'!$P48,if(BM4='Quick Setup'!$Q$47,'Quick Setup'!$Q48,if(BM4='Quick Setup'!$R$47,'Quick Setup'!$R48,if(BM4='Quick Setup'!$S$47,'Quick Setup'!$S48,if(BM4='Quick Setup'!$T$47,'Quick Setup'!$T48,if(BM4='Quick Setup'!$U$47,'Quick Setup'!$U48,if(BM4='Quick Setup'!$V$47,'Quick Setup'!$V48,if(BM4='Quick Setup'!$W$47,'Quick Setup'!$W48))))))))))))))))))))) -> 2 | BP4: =BI4 -> 4 | BQ4: =BJ4 -> 6 | BR4: =BK4 -> 0.02 | BS4: =BL4 -> -0.05 | BT4: ='Quick Setup'!M61 -> 0.775 | BU4: =if(BT4='Quick Setup'!$C$33,'Quick Setup'!$C34,if(BT4='Quick Setup'!$D$33,'Quick Setup'!$D34,if(BT4='Quick Setup'!$E$33,'Quick Setup'!$E34,if(BT4='Quick Setup'!$F$33,'Quick Setup'!$F34,if(BT4='Quick Setup'!$G$33,'Quick Setup'!$G34,if(BT4='Quick Setup'!$H$33,'Quick Setup'!$H34,if(BT4='Quick Setup'!$I$33,'Quick Setup'!$I34,if(BT4='Quick Setup'!$J$33,'Quick Setup'!$J34,if(BT4='Quick Setup'!$K$33,'Quick Setup'!$K34,if(BT4='Quick Setup'!$L$33,'Quick Setup'!$L34,if(BT4='Quick Setup'!$M$33,'Quick Setup'!$M34,if(BT4='Quick Setup'!$N$33,'Quick Setup'!$N34,if(BT4='Quick Setup'!$O$33,'Quick Setup'!$O34,if(BT4='Quick Setup'!$P$33,'Quick Setup'!$P34,if(BT4='Quick Setup'!$Q$33,'Quick Setup'!$Q34,if(BT4='Quick Setup'!$R$33,'Quick Setup'!$R34,if(BT4='Quick Setup'!$S$33,'Quick Setup'!$S34,if(BT4='Quick Setup'!$T$33,'Quick Setup'!$T34,if(BT4='Quick Setup'!$U$33,'Quick Setup'!$U34,if(BT4='Quick Setup'!$V$33,'Quick Setup'!$V34,'2x'!CO5)))))))))))))))))))) -> 4 | BV4: =if(BT4='Quick Setup'!$C$47,'Quick Setup'!$C48,if(BT4='Quick Setup'!$D$47,'Quick Setup'!$D48,if(BT4='Quick Setup'!$E$47,'Quick Setup'!$E48,if(BT4='Quick Setup'!$F$47,'Quick Setup'!$F48,if(BT4='Quick Setup'!$G$47,'Quick Setup'!$G48,if(BT4='Quick Setup'!$H$47,'Quick Setup'!$H48,if(BT4='Quick Setup'!$I$47,'Quick Setup'!$I48,if(BT4='Quick Setup'!$J$47,'Quick Setup'!$J48,if(BT4='Quick Setup'!$K$47,'Quick Setup'!$K48,if(BT4='Quick Setup'!$L$47,'Quick Setup'!$L48,if(BT4='Quick Setup'!$M$47,'Quick Setup'!$M48,if(BT4='Quick Setup'!$N$47,'Quick Setup'!$N48,if(BT4='Quick Setup'!$O$47,'Quick Setup'!$O48,if(BT4='Quick Setup'!$P$47,'Quick Setup'!$P48,if(BT4='Quick Setup'!$Q$47,'Quick Setup'!$Q48,if(BT4='Quick Setup'!$R$47,'Quick Setup'!$R48,if(BT4='Quick Setup'!$S$47,'Quick Setup'!$S48,if(BT4='Quick Setup'!$T$47,'Quick Setup'!$T48,if(BT4='Quick Setup'!$U$47,'Quick Setup'!$U48,if(BT4='Quick Setup'!$V$47,'Quick Setup'!$V48,if(BT4='Quick Setup'!$W$47,'Quick Setup'!$W48))))))))))))))))))))) -> 3 | BW4: =BP4 -> 4 | BX4: =BQ4 -> 6 | BY4: =BR4 -> 0.02 | BZ4: =BS4 -> -0.05 | CA4: ='Quick Setup'!N61 -> 0.825 | CB4: =if(CA4='Quick Setup'!$C$33,'Quick Setup'!$C34,if(CA4='Quick Setup'!$D$33,'Quick Setup'!$D34,if(CA4='Quick Setup'!$E$33,'Quick Setup'!$E34,if(CA4='Quick Setup'!$F$33,'Quick Setup'!$F34,if(CA4='Quick Setup'!$G$33,'Quick Setup'!$G34,if(CA4='Quick Setup'!$H$33,'Quick Setup'!$H34,if(CA4='Quick Setup'!$I$33,'Quick Setup'!$I34,if(CA4='Quick Setup'!$J$33,'Quick Setup'!$J34,if(CA4='Quick Setup'!$K$33,'Quick Setup'!$K34,if(CA4='Quick Setup'!$L$33,'Quick Setup'!$L34,if(CA4='Quick Setup'!$M$33,'Quick Setup'!$M34,if(CA4='Quick Setup'!$N$33,'Quick Setup'!$N34,if(CA4='Quick Setup'!$O$33,'Quick Setup'!$O34,if(CA4='Quick Setup'!$P$33,'Quick Setup'!$P34,if(CA4='Quick Setup'!$Q$33,'Quick Setup'!$Q34,if(CA4='Quick Setup'!$R$33,'Quick Setup'!$R34,if(CA4='Quick Setup'!$S$33,'Quick Setup'!$S34,if(CA4='Quick Setup'!$T$33,'Quick Setup'!$T34,if(CA4='Quick Setup'!$U$33,'Quick Setup'!$U34,if(CA4='Quick Setup'!$V$33,'Quick Setup'!$V34,'2x'!CV5)))))))))))))))))))) -> 3 | CC4: =if(CA4='Quick Setup'!$C$47,'Quick Setup'!$C48,if(CA4='Quick Setup'!$D$47,'Quick Setup'!$D48,if(CA4='Quick Setup'!$E$47,'Quick Setup'!$E48,if(CA4='Quick Setup'!$F$47,'Quick Setup'!$F48,if(CA4='Quick Setup'!$G$47,'Quick Setup'!$G48,if(CA4='Quick Setup'!$H$47,'Quick Setup'!$H48,if(CA4='Quick Setup'!$I$47,'Quick Setup'!$I48,if(CA4='Quick Setup'!$J$47,'Quick Setup'!$J48,if(CA4='Quick Setup'!$K$47,'Quick Setup'!$K48,if(CA4='Quick Setup'!$L$47,'Quick Setup'!$L48,if(CA4='Quick Setup'!$M$47,'Quick Setup'!$M48,if(CA4='Quick Setup'!$N$47,'Quick Setup'!$N48,if(CA4='Quick Setup'!$O$47,'Quick Setup'!$O48,if(CA4='Quick Setup'!$P$47,'Quick Setup'!$P48,if(CA4='Quick Setup'!$Q$47,'Quick Setup'!$Q48,if(CA4='Quick Setup'!$R$47,'Quick Setup'!$R48,if(CA4='Quick Setup'!$S$47,'Quick Setup'!$S48,if(CA4='Quick Setup'!$T$47,'Quick Setup'!$T48,if(CA4='Quick Setup'!$U$47,'Quick Setup'!$U48,if(CA4='Quick Setup'!$V$47,'Quick Setup'!$V48,if(CA4='Quick Setup'!$W$47,'Quick Setup'!$W48))))))))))))))))))))) -> 2 | CD4: =BW4 -> 4 | CE4: =BX4 -> 6 | CF4: =BY4 -> 0.02 | CG4: =BZ4 -> -0.05 | CH4: ='Quick Setup'!O61 -> 0.875 | CI4: =if(CH4='Quick Setup'!$C$33,'Quick Setup'!$C34,if(CH4='Quick Setup'!$D$33,'Quick Setup'!$D34,if(CH4='Quick Setup'!$E$33,'Quick Setup'!$E34,if(CH4='Quick Setup'!$F$33,'Quick Setup'!$F34,if(CH4='Quick Setup'!$G$33,'Quick Setup'!$G34,if(CH4='Quick Setup'!$H$33,'Quick Setup'!$H34,if(CH4='Quick Setup'!$I$33,'Quick Setup'!$I34,if(CH4='Quick Setup'!$J$33,'Quick Setup'!$J34,if(CH4='Quick Setup'!$K$33,'Quick Setup'!$K34,if(CH4='Quick Setup'!$L$33,'Quick Setup'!$L34,if(CH4='Quick Setup'!$M$33,'Quick Setup'!$M34,if(CH4='Quick Setup'!$N$33,'Quick Setup'!$N34,if(CH4='Quick Setup'!$O$33,'Quick Setup'!$O34,if(CH4='Quick Setup'!$P$33,'Quick Setup'!$P34,if(CH4='Quick Setup'!$Q$33,'Quick Setup'!$Q34,if(CH4='Quick Setup'!$R$33,'Quick Setup'!$R34,if(CH4='Quick Setup'!$S$33,'Quick Setup'!$S34,if(CH4='Quick Setup'!$T$33,'Quick Setup'!$T34,if(CH4='Quick Setup'!$U$33,'Quick Setup'!$U34,if(CH4='Quick Setup'!$V$33,'Quick Setup'!$V34,'2x'!DC5)))))))))))))))))))) -> 2 | CJ4: =if(CH4='Quick Setup'!$C$47,'Quick Setup'!$C48,if(CH4='Quick Setup'!$D$47,'Quick Setup'!$D48,if(CH4='Quick Setup'!$E$47,'Quick Setup'!$E48,if(CH4='Quick Setup'!$F$47,'Quick Setup'!$F48,if(CH4='Quick Setup'!$G$47,'Quick Setup'!$G48,if(CH4='Quick Setup'!$H$47,'Quick Setup'!$H48,if(CH4='Quick Setup'!$I$47,'Quick Setup'!$I48,if(CH4='Quick Setup'!$J$47,'Quick Setup'!$J48,if(CH4='Quick Setup'!$K$47,'Quick Setup'!$K48,if(CH4='Quick Setup'!$L$47,'Quick Setup'!$L48,if(CH4='Quick Setup'!$M$47,'Quick Setup'!$M48,if(CH4='Quick Setup'!$N$47,'Quick Setup'!$N48,if(CH4='Quick Setup'!$O$47,'Quick Setup'!$O48,if(CH4='Quick Setup'!$P$47,'Quick Setup'!$P48,if(CH4='Quick Setup'!$Q$47,'Quick Setup'!$Q48,if(CH4='Quick Setup'!$R$47,'Quick Setup'!$R48,if(CH4='Quick Setup'!$S$47,'Quick Setup'!$S48,if(CH4='Quick Setup'!$T$47,'Quick Setup'!$T48,if(CH4='Quick Setup'!$U$47,'Quick Setup'!$U48,if(CH4='Quick Setup'!$V$47,'Quick Setup'!$V48,if(CH4='Quick Setup'!$W$47,'Quick Setup'!$W48))))))))))))))))))))) -> 2 | CK4: =CD4 -> 4 | CL4: =CE4 -> 6 | CM4: =CF4 -> 0.02 | CN4: =CG4 -> -0.05 | CO4: ='Quick Setup'!P61 -> 0.6 | CP4: =if(CO4='Quick Setup'!$C$33,'Quick Setup'!$C34,if(CO4='Quick Setup'!$D$33,'Quick Setup'!$D34,if(CO4='Quick Setup'!$E$33,'Quick Setup'!$E34,if(CO4='Quick Setup'!$F$33,'Quick Setup'!$F34,if(CO4='Quick Setup'!$G$33,'Quick Setup'!$G34,if(CO4='Quick Setup'!$H$33,'Quick Setup'!$H34,if(CO4='Quick Setup'!$I$33,'Quick Setup'!$I34,if(CO4='Quick Setup'!$J$33,'Quick Setup'!$J34,if(CO4='Quick Setup'!$K$33,'Quick Setup'!$K34,if(CO4='Quick Setup'!$L$33,'Quick Setup'!$L34,if(CO4='Quick Setup'!$M$33,'Quick Setup'!$M34,if(CO4='Quick Setup'!$N$33,'Quick Setup'!$N34,if(CO4='Quick Setup'!$O$33,'Quick Setup'!$O34,if(CO4='Quick Setup'!$P$33,'Quick Setup'!$P34,if(CO4='Quick Setup'!$Q$33,'Quick Setup'!$Q34,if(CO4='Quick Setup'!$R$33,'Quick Setup'!$R34,if(CO4='Quick Setup'!$S$33,'Quick Setup'!$S34,if(CO4='Quick Setup'!$T$33,'Quick Setup'!$T34,if(CO4='Quick Setup'!$U$33,'Quick Setup'!$U34,if(CO4='Quick Setup'!$V$33,'Quick Setup'!$V34,'2x'!DJ5)))))))))))))))))))) -> 7 | CQ4: =if(CO4='Quick Setup'!$C$47,'Quick Setup'!$C48,if(CO4='Quick Setup'!$D$47,'Quick Setup'!$D48,if(CO4='Quick Setup'!$E$47,'Quick Setup'!$E48,if(CO4='Quick Setup'!$F$47,'Quick Setup'!$F48,if(CO4='Quick Setup'!$G$47,'Quick Setup'!$G48,if(CO4='Quick Setup'!$H$47,'Quick Setup'!$H48,if(CO4='Quick Setup'!$I$47,'Quick Setup'!$I48,if(CO4='Quick Setup'!$J$47,'Quick Setup'!$J48,if(CO4='Quick Setup'!$K$47,'Quick Setup'!$K48,if(CO4='Quick Setup'!$L$47,'Quick Setup'!$L48,if(CO4='Quick Setup'!$M$47,'Quick Setup'!$M48,if(CO4='Quick Setup'!$N$47,'Quick Setup'!$N48,if(CO4='Quick Setup'!$O$47,'Quick Setup'!$O48,if(CO4='Quick Setup'!$P$47,'Quick Setup'!$P48,if(CO4='Quick Setup'!$Q$47,'Quick Setup'!$Q48,if(CO4='Quick Setup'!$R$47,'Quick Setup'!$R48,if(CO4='Quick Setup'!$S$47,'Quick Setup'!$S48,if(CO4='Quick Setup'!$T$47,'Quick Setup'!$T48,if(CO4='Quick Setup'!$U$47,'Quick Setup'!$U48,if(CO4='Quick Setup'!$V$47,'Quick Setup'!$V48,if(CO4='Quick Setup'!$W$47,'Quick Setup'!$W48))))))))))))))))))))) -> 4 | CR4: =CK4 -> 4 | CS4: =CL4 -> 6 | CT4: =CM4 -> 0.02 | CU4: =CN4 -> -0.05 | CV4: ='Quick Setup'!Q61 -> 0.8 | CW4: =if(CV4='Quick Setup'!$C$33,'Quick Setup'!$C34,if(CV4='Quick Setup'!$D$33,'Quick Setup'!$D34,if(CV4='Quick Setup'!$E$33,'Quick Setup'!$E34,if(CV4='Quick Setup'!$F$33,'Quick Setup'!$F34,if(CV4='Quick Setup'!$G$33,'Quick Setup'!$G34,if(CV4='Quick Setup'!$H$33,'Quick Setup'!$H34,if(CV4='Quick Setup'!$I$33,'Quick Setup'!$I34,if(CV4='Quick Setup'!$J$33,'Quick Setup'!$J34,if(CV4='Quick Setup'!$K$33,'Quick Setup'!$K34,if(CV4='Quick Setup'!$L$33,'Quick Setup'!$L34,if(CV4='Quick Setup'!$M$33,'Quick Setup'!$M34,if(CV4='Quick Setup'!$N$33,'Quick Setup'!$N34,if(CV4='Quick Setup'!$O$33,'Quick Setup'!$O34,if(CV4='Quick Setup'!$P$33,'Quick Setup'!$P34,if(CV4='Quick Setup'!$Q$33,'Quick Setup'!$Q34,if(CV4='Quick Setup'!$R$33,'Quick Setup'!$R34,if(CV4='Quick Setup'!$S$33,'Quick Setup'!$S34,if(CV4='Quick Setup'!$T$33,'Quick Setup'!$T34,if(CV4='Quick Setup'!$U$33,'Quick Setup'!$U34,if(CV4='Quick Setup'!$V$33,'Quick Setup'!$V34,'2x'!DQ5)))))))))))))))))))) -> 3 | CX4: =if(CV4='Quick Setup'!$C$47,'Quick Setup'!$C48,if(CV4='Quick Setup'!$D$47,'Quick Setup'!$D48,if(CV4='Quick Setup'!$E$47,'Quick Setup'!$E48,if(CV4='Quick Setup'!$F$47,'Quick Setup'!$F48,if(CV4='Quick Setup'!$G$47,'Quick Setup'!$G48,if(CV4='Quick Setup'!$H$47,'Quick Setup'!$H48,if(CV4='Quick Setup'!$I$47,'Quick Setup'!$I48,if(CV4='Quick Setup'!$J$47,'Quick Setup'!$J48,if(CV4='Quick Setup'!$K$47,'Quick Setup'!$K48,if(CV4='Quick Setup'!$L$47,'Quick Setup'!$L48,if(CV4='Quick Setup'!$M$47,'Quick Setup'!$M48,if(CV4='Quick Setup'!$N$47,'Quick Setup'!$N48,if(CV4='Quick Setup'!$O$47,'Quick Setup'!$O48,if(CV4='Quick Setup'!$P$47,'Quick Setup'!$P48,if(CV4='Quick Setup'!$Q$47,'Quick Setup'!$Q48,if(CV4='Quick Setup'!$R$47,'Quick Setup'!$R48,if(CV4='Quick Setup'!$S$47,'Quick Setup'!$S48,if(CV4='Quick Setup'!$T$47,'Quick Setup'!$T48,if(CV4='Quick Setup'!$U$47,'Quick Setup'!$U48,if(CV4='Quick Setup'!$V$47,'Quick Setup'!$V48,if(CV4='Quick Setup'!$W$47,'Quick Setup'!$W48))))))))))))))))))))) -> 2 | CY4: =CR4 -> 4 | CZ4: =CS4 -> 6 | DA4: =CT4 -> 0.02 | DB4: =CU4 -> -0.05 | DC4: ='Quick Setup'!R61 -> 0.85 | DD4: =if(DC4='Quick Setup'!$C$33,'Quick Setup'!$C34,if(DC4='Quick Setup'!$D$33,'Quick Setup'!$D34,if(DC4='Quick Setup'!$E$33,'Quick Setup'!$E34,if(DC4='Quick Setup'!$F$33,'Quick Setup'!$F34,if(DC4='Quick Setup'!$G$33,'Quick Setup'!$G34,if(DC4='Quick Setup'!$H$33,'Quick Setup'!$H34,if(DC4='Quick Setup'!$I$33,'Quick Setup'!$I34,if(DC4='Quick Setup'!$J$33,'Quick Setup'!$J34,if(DC4='Quick Setup'!$K$33,'Quick Setup'!$K34,if(DC4='Quick Setup'!$L$33,'Quick Setup'!$L34,if(DC4='Quick Setup'!$M$33,'Quick Setup'!$M34,if(DC4='Quick Setup'!$N$33,'Quick Setup'!$N34,if(DC4='Quick Setup'!$O$33,'Quick Setup'!$O34,if(DC4='Quick Setup'!$P$33,'Quick Setup'!$P34,if(DC4='Quick Setup'!$Q$33,'Quick Setup'!$Q34,if(DC4='Quick Setup'!$R$33,'Quick Setup'!$R34,if(DC4='Quick Setup'!$S$33,'Quick Setup'!$S34,if(DC4='Quick Setup'!$T$33,'Quick Setup'!$T34,if(DC4='Quick Setup'!$U$33,'Quick Setup'!$U34,if(DC4='Quick Setup'!$V$33,'Quick Setup'!$V34,'2x'!DX5)))))))))))))))))))) -> 2 | DE4: =if(DC4='Quick Setup'!$C$47,'Quick Setup'!$C48,if(DC4='Quick Setup'!$D$47,'Quick Setup'!$D48,if(DC4='Quick Setup'!$E$47,'Quick Setup'!$E48,if(DC4='Quick Setup'!$F$47,'Quick Setup'!$F48,if(DC4='Quick Setup'!$G$47,'Quick Setup'!$G48,if(DC4='Quick Setup'!$H$47,'Quick Setup'!$H48,if(DC4='Quick Setup'!$I$47,'Quick Setup'!$I48,if(DC4='Quick Setup'!$J$47,'Quick Setup'!$J48,if(DC4='Quick Setup'!$K$47,'Quick Setup'!$K48,if(DC4='Quick Setup'!$L$47,'Quick Setup'!$L48,if(DC4='Quick Setup'!$M$47,'Quick Setup'!$M48,if(DC4='Quick Setup'!$N$47,'Quick Setup'!$N48,if(DC4='Quick Setup'!$O$47,'Quick Setup'!$O48,if(DC4='Quick Setup'!$P$47,'Quick Setup'!$P48,if(DC4='Quick Setup'!$Q$47,'Quick Setup'!$Q48,if(DC4='Quick Setup'!$R$47,'Quick Setup'!$R48,if(DC4='Quick Setup'!$S$47,'Quick Setup'!$S48,if(DC4='Quick Setup'!$T$47,'Quick Setup'!$T48,if(DC4='Quick Setup'!$U$47,'Quick Setup'!$U48,if(DC4='Quick Setup'!$V$47,'Quick Setup'!$V48,if(DC4='Quick Setup'!$W$47,'Quick Setup'!$W48))))))))))))))))))))) -> 2 | DF4: =CY4 -> 4 | DG4: =CZ4 -> 6 | DH4: =DA4 -> 0.02 | DI4: =DB4 -> -0.05 | DJ4: ='Quick Setup'!S61 -> 0.9 | DK4: =if(DJ4='Quick Setup'!$C$33,'Quick Setup'!$C34,if(DJ4='Quick Setup'!$D$33,'Quick Setup'!$D34,if(DJ4='Quick Setup'!$E$33,'Quick Setup'!$E34,if(DJ4='Quick Setup'!$F$33,'Quick Setup'!$F34,if(DJ4='Quick Setup'!$G$33,'Quick Setup'!$G34,if(DJ4='Quick Setup'!$H$33,'Quick Setup'!$H34,if(DJ4='Quick Setup'!$I$33,'Quick Setup'!$I34,if(DJ4='Quick Setup'!$J$33,'Quick Setup'!$J34,if(DJ4='Quick Setup'!$K$33,'Quick Setup'!$K34,if(DJ4='Quick Setup'!$L$33,'Quick Setup'!$L34,if(DJ4='Quick Setup'!$M$33,'Quick Setup'!$M34,if(DJ4='Quick Setup'!$N$33,'Quick Setup'!$N34,if(DJ4='Quick Setup'!$O$33,'Quick Setup'!$O34,if(DJ4='Quick Setup'!$P$33,'Quick Setup'!$P34,if(DJ4='Quick Setup'!$Q$33,'Quick Setup'!$Q34,if(DJ4='Quick Setup'!$R$33,'Quick Setup'!$R34,if(DJ4='Quick Setup'!$S$33,'Quick Setup'!$S34,if(DJ4='Quick Setup'!$T$33,'Quick Setup'!$T34,if(DJ4='Quick Setup'!$U$33,'Quick Setup'!$U34,if(DJ4='Quick Setup'!$V$33,'Quick Setup'!$V34,'2x'!EE5)))))))))))))))))))) -> 1 | DL4: =if(DJ4='Quick Setup'!$C$47,'Quick Setup'!$C48,if(DJ4='Quick Setup'!$D$47,'Quick Setup'!$D48,if(DJ4='Quick Setup'!$E$47,'Quick Setup'!$E48,if(DJ4='Quick Setup'!$F$47,'Quick Setup'!$F48,if(DJ4='Quick Setup'!$G$47,'Quick Setup'!$G48,if(DJ4='Quick Setup'!$H$47,'Quick Setup'!$H48,if(DJ4='Quick Setup'!$I$47,'Quick Setup'!$I48,if(DJ4='Quick Setup'!$J$47,'Quick Setup'!$J48,if(DJ4='Quick Setup'!$K$47,'Quick Setup'!$K48,if(DJ4='Quick Setup'!$L$47,'Quick Setup'!$L48,if(DJ4='Quick Setup'!$M$47,'Quick Setup'!$M48,if(DJ4='Quick Setup'!$N$47,'Quick Setup'!$N48,if(DJ4='Quick Setup'!$O$47,'Quick Setup'!$O48,if(DJ4='Quick Setup'!$P$47,'Quick Setup'!$P48,if(DJ4='Quick Setup'!$Q$47,'Quick Setup'!$Q48,if(DJ4='Quick Setup'!$R$47,'Quick Setup'!$R48,if(DJ4='Quick Setup'!$S$47,'Quick Setup'!$S48,if(DJ4='Quick Setup'!$T$47,'Quick Setup'!$T48,if(DJ4='Quick Setup'!$U$47,'Quick Setup'!$U48,if(DJ4='Quick Setup'!$V$47,'Quick Setup'!$V48,if(DJ4='Quick Setup'!$W$47,'Quick Setup'!$W48))))))))))))))))))))) -> 1 | DM4: =DF4 -> 4 | DN4: =DG4 -> 6 | DO4: =DH4 -> 0.02 | DP4: =DI4 -> -0.05 | DQ4: ='Quick Setup'!T61 -> 0.85 | DR4: =if(DQ4='Quick Setup'!$C$33,'Quick Setup'!$C34,if(DQ4='Quick Setup'!$D$33,'Quick Setup'!$D34,if(DQ4='Quick Setup'!$E$33,'Quick Setup'!$E34,if(DQ4='Quick Setup'!$F$33,'Quick Setup'!$F34,if(DQ4='Quick Setup'!$G$33,'Quick Setup'!$G34,if(DQ4='Quick Setup'!$H$33,'Quick Setup'!$H34,if(DQ4='Quick Setup'!$I$33,'Quick Setup'!$I34,if(DQ4='Quick Setup'!$J$33,'Quick Setup'!$J34,if(DQ4='Quick Setup'!$K$33,'Quick Setup'!$K34,if(DQ4='Quick Setup'!$L$33,'Quick Setup'!$L34,if(DQ4='Quick Setup'!$M$33,'Quick Setup'!$M34,if(DQ4='Quick Setup'!$N$33,'Quick Setup'!$N34,if(DQ4='Quick Setup'!$O$33,'Quick Setup'!$O34,if(DQ4='Quick Setup'!$P$33,'Quick Setup'!$P34,if(DQ4='Quick Setup'!$Q$33,'Quick Setup'!$Q34,if(DQ4='Quick Setup'!$R$33,'Quick Setup'!$R34,if(DQ4='Quick Setup'!$S$33,'Quick Setup'!$S34,if(DQ4='Quick Setup'!$T$33,'Quick Setup'!$T34,if(DQ4='Quick Setup'!$U$33,'Quick Setup'!$U34,if(DQ4='Quick Setup'!$V$33,'Quick Setup'!$V34,'2x'!EL5)))))))))))))))))))) -> 2 | DS4: =if(DQ4='Quick Setup'!$C$47,'Quick Setup'!$C48,if(DQ4='Quick Setup'!$D$47,'Quick Setup'!$D48,if(DQ4='Quick Setup'!$E$47,'Quick Setup'!$E48,if(DQ4='Quick Setup'!$F$47,'Quick Setup'!$F48,if(DQ4='Quick Setup'!$G$47,'Quick Setup'!$G48,if(DQ4='Quick Setup'!$H$47,'Quick Setup'!$H48,if(DQ4='Quick Setup'!$I$47,'Quick Setup'!$I48,if(DQ4='Quick Setup'!$J$47,'Quick Setup'!$J48,if(DQ4='Quick Setup'!$K$47,'Quick Setup'!$K48,if(DQ4='Quick Setup'!$L$47,'Quick Setup'!$L48,if(DQ4='Quick Setup'!$M$47,'Quick Setup'!$M48,if(DQ4='Quick Setup'!$N$47,'Quick Setup'!$N48,if(DQ4='Quick Setup'!$O$47,'Quick Setup'!$O48,if(DQ4='Quick Setup'!$P$47,'Quick Setup'!$P48,if(DQ4='Quick Setup'!$Q$47,'Quick Setup'!$Q48,if(DQ4='Quick Setup'!$R$47,'Quick Setup'!$R48,if(DQ4='Quick Setup'!$S$47,'Quick Setup'!$S48,if(DQ4='Quick Setup'!$T$47,'Quick Setup'!$T48,if(DQ4='Quick Setup'!$U$47,'Quick Setup'!$U48,if(DQ4='Quick Setup'!$V$47,'Quick Setup'!$V48,if(DQ4='Quick Setup'!$W$47,'Quick Setup'!$W48))))))))))))))))))))) -> 2 | DT4: =DM4 -> 4 | DU4: =DN4 -> 6 | DV4: =DO4 -> 0.02 | DW4: =DP4 -> -0.05 | DX4: ='Quick Setup'!U61 -> 0.9 | DY4: =if(DX4='Quick Setup'!$C$33,'Quick Setup'!$C34,if(DX4='Quick Setup'!$D$33,'Quick Setup'!$D34,if(DX4='Quick Setup'!$E$33,'Quick Setup'!$E34,if(DX4='Quick Setup'!$F$33,'Quick Setup'!$F34,if(DX4='Quick Setup'!$G$33,'Quick Setup'!$G34,if(DX4='Quick Setup'!$H$33,'Quick Setup'!$H34,if(DX4='Quick Setup'!$I$33,'Quick Setup'!$I34,if(DX4='Quick Setup'!$J$33,'Quick Setup'!$J34,if(DX4='Quick Setup'!$K$33,'Quick Setup'!$K34,if(DX4='Quick Setup'!$L$33,'Quick Setup'!$L34,if(DX4='Quick Setup'!$M$33,'Quick Setup'!$M34,if(DX4='Quick Setup'!$N$33,'Quick Setup'!$N34,if(DX4='Quick Setup'!$O$33,'Quick Setup'!$O34,if(DX4='Quick Setup'!$P$33,'Quick Setup'!$P34,if(DX4='Quick Setup'!$Q$33,'Quick Setup'!$Q34,if(DX4='Quick Setup'!$R$33,'Quick Setup'!$R34,if(DX4='Quick Setup'!$S$33,'Quick Setup'!$S34,if(DX4='Quick Setup'!$T$33,'Quick Setup'!$T34,if(DX4='Quick Setup'!$U$33,'Quick Setup'!$U34,if(DX4='Quick Setup'!$V$33,'Quick Setup'!$V34,'2x'!ES5)))))))))))))))))))) -> 1 | DZ4: =if(DX4='Quick Setup'!$C$47,'Quick Setup'!$C48,if(DX4='Quick Setup'!$D$47,'Quick Setup'!$D48,if(DX4='Quick Setup'!$E$47,'Quick Setup'!$E48,if(DX4='Quick Setup'!$F$47,'Quick Setup'!$F48,if(DX4='Quick Setup'!$G$47,'Quick Setup'!$G48,if(DX4='Quick Setup'!$H$47,'Quick Setup'!$H48,if(DX4='Quick Setup'!$I$47,'Quick Setup'!$I48,if(DX4='Quick Setup'!$J$47,'Quick Setup'!$J48,if(DX4='Quick Setup'!$K$47,'Quick Setup'!$K48,if(DX4='Quick Setup'!$L$47,'Quick Setup'!$L48,if(DX4='Quick Setup'!$M$47,'Quick Setup'!$M48,if(DX4='Quick Setup'!$N$47,'Quick Setup'!$N48,if(DX4='Quick Setup'!$O$47,'Quick Setup'!$O48,if(DX4='Quick Setup'!$P$47,'Quick Setup'!$P48,if(DX4='Quick Setup'!$Q$47,'Quick Setup'!$Q48,if(DX4='Quick Setup'!$R$47,'Quick Setup'!$R48,if(DX4='Quick Setup'!$S$47,'Quick Setup'!$S48,if(DX4='Quick Setup'!$T$47,'Quick Setup'!$T48,if(DX4='Quick Setup'!$U$47,'Quick Setup'!$U48,if(DX4='Quick Setup'!$V$47,'Quick Setup'!$V48,if(DX4='Quick Setup'!$W$47,'Quick Setup'!$W48))))))))))))))))))))) -> 1 | EA4: =DT4 -> 4 | EB4: =DU4 -> 6 | EC4: =DV4 -> 0.02 | ED4: =DW4 -> -0.05 | EE4: ='Quick Setup'!V61 -> 0.95 | EF4: =if(EE4='Quick Setup'!$C$33,'Quick Setup'!$C34,if(EE4='Quick Setup'!$D$33,'Quick Setup'!$D34,if(EE4='Quick Setup'!$E$33,'Quick Setup'!$E34,if(EE4='Quick Setup'!$F$33,'Quick Setup'!$F34,if(EE4='Quick Setup'!$G$33,'Quick Setup'!$G34,if(EE4='Quick Setup'!$H$33,'Quick Setup'!$H34,if(EE4='Quick Setup'!$I$33,'Quick Setup'!$I34,if(EE4='Quick Setup'!$J$33,'Quick Setup'!$J34,if(EE4='Quick Setup'!$K$33,'Quick Setup'!$K34,if(EE4='Quick Setup'!$L$33,'Quick Setup'!$L34,if(EE4='Quick Setup'!$M$33,'Quick Setup'!$M34,if(EE4='Quick Setup'!$N$33,'Quick Setup'!$N34,if(EE4='Quick Setup'!$O$33,'Quick Setup'!$O34,if(EE4='Quick Setup'!$P$33,'Quick Setup'!$P34,if(EE4='Quick Setup'!$Q$33,'Quick Setup'!$Q34,if(EE4='Quick Setup'!$R$33,'Quick Setup'!$R34,if(EE4='Quick Setup'!$S$33,'Quick Setup'!$S34,if(EE4='Quick Setup'!$T$33,'Quick Setup'!$T34,if(EE4='Quick Setup'!$U$33,'Quick Setup'!$U34,if(EE4='Quick Setup'!$V$33,'Quick Setup'!$V34,'2x'!EZ5)))))))))))))))))))) -> 1 | EG4: =if(EE4='Quick Setup'!$C$47,'Quick Setup'!$C48,if(EE4='Quick Setup'!$D$47,'Quick Setup'!$D48,if(EE4='Quick Setup'!$E$47,'Quick Setup'!$E48,if(EE4='Quick Setup'!$F$47,'Quick Setup'!$F48,if(EE4='Quick Setup'!$G$47,'Quick Setup'!$G48,if(EE4='Quick Setup'!$H$47,'Quick Setup'!$H48,if(EE4='Quick Setup'!$I$47,'Quick Setup'!$I48,if(EE4='Quick Setup'!$J$47,'Quick Setup'!$J48,if(EE4='Quick Setup'!$K$47,'Quick Setup'!$K48,if(EE4='Quick Setup'!$L$47,'Quick Setup'!$L48,if(EE4='Quick Setup'!$M$47,'Quick Setup'!$M48,if(EE4='Quick Setup'!$N$47,'Quick Setup'!$N48,if(EE4='Quick Setup'!$O$47,'Quick Setup'!$O48,if(EE4='Quick Setup'!$P$47,'Quick Setup'!$P48,if(EE4='Quick Setup'!$Q$47,'Quick Setup'!$Q48,if(EE4='Quick Setup'!$R$47,'Quick Setup'!$R48,if(EE4='Quick Setup'!$S$47,'Quick Setup'!$S48,if(EE4='Quick Setup'!$T$47,'Quick Setup'!$T48,if(EE4='Quick Setup'!$U$47,'Quick Setup'!$U48,if(EE4='Quick Setup'!$V$47,'Quick Setup'!$V48,if(EE4='Quick Setup'!$W$47,'Quick Setup'!$W48))))))))))))))))))))) -> 1 | EH4: =EA4 -> 4 | EI4: =EB4 -> 6 | EJ4: =EC4 -> 0.02 | EK4: =ED4 -> -0.05 | EL4: ='Quick Setup'!W61 -> 0.6 | EM4: =if(EL4='Quick Setup'!$C$33,'Quick Setup'!$C34,if(EL4='Quick Setup'!$D$33,'Quick Setup'!$D34,if(EL4='Quick Setup'!$E$33,'Quick Setup'!$E34,if(EL4='Quick Setup'!$F$33,'Quick Setup'!$F34,if(EL4='Quick Setup'!$G$33,'Quick Setup'!$G34,if(EL4='Quick Setup'!$H$33,'Quick Setup'!$H34,if(EL4='Quick Setup'!$I$33,'Quick Setup'!$I34,if(EL4='Quick Setup'!$J$33,'Quick Setup'!$J34,if(EL4='Quick Setup'!$K$33,'Quick Setup'!$K34,if(EL4='Quick Setup'!$L$33,'Quick Setup'!$L34,if(EL4='Quick Setup'!$M$33,'Quick Setup'!$M34,if(EL4='Quick Setup'!$N$33,'Quick Setup'!$N34,if(EL4='Quick Setup'!$O$33,'Quick Setup'!$O34,if(EL4='Quick Setup'!$P$33,'Quick Setup'!$P34,if(EL4='Quick Setup'!$Q$33,'Quick Setup'!$Q34,if(EL4='Quick Setup'!$R$33,'Quick Setup'!$R34,if(EL4='Quick Setup'!$S$33,'Quick Setup'!$S34,if(EL4='Quick Setup'!$T$33,'Quick Setup'!$T34,if(EL4='Quick Setup'!$U$33,'Quick Setup'!$U34,if(EL4='Quick Setup'!$V$33,'Quick Setup'!$V34,'2x'!FG5)))))))))))))))))))) -> 7 | EN4: =if(EL4='Quick Setup'!$C$47,'Quick Setup'!$C48,if(EL4='Quick Setup'!$D$47,'Quick Setup'!$D48,if(EL4='Quick Setup'!$E$47,'Quick Setup'!$E48,if(EL4='Quick Setup'!$F$47,'Quick Setup'!$F48,if(EL4='Quick Setup'!$G$47,'Quick Setup'!$G48,if(EL4='Quick Setup'!$H$47,'Quick Setup'!$H48,if(EL4='Quick Setup'!$I$47,'Quick Setup'!$I48,if(EL4='Quick Setup'!$J$47,'Quick Setup'!$J48,if(EL4='Quick Setup'!$K$47,'Quick Setup'!$K48,if(EL4='Quick Setup'!$L$47,'Quick Setup'!$L48,if(EL4='Quick Setup'!$M$47,'Quick Setup'!$M48,if(EL4='Quick Setup'!$N$47,'Quick Setup'!$N48,if(EL4='Quick Setup'!$O$47,'Quick Setup'!$O48,if(EL4='Quick Setup'!$P$47,'Quick Setup'!$P48,if(EL4='Quick Setup'!$Q$47,'Quick Setup'!$Q48,if(EL4='Quick Setup'!$R$47,'Quick Setup'!$R48,if(EL4='Quick Setup'!$S$47,'Quick Setup'!$S48,if(EL4='Quick Setup'!$T$47,'Quick Setup'!$T48,if(EL4='Quick Setup'!$U$47,'Quick Setup'!$U48,if(EL4='Quick Setup'!$V$47,'Quick Setup'!$V48,if(EL4='Quick Setup'!$W$47,'Quick Setup'!$W48))))))))))))))))))))) -> 4 | EO4: =EH4 -> 4 | EP4: =EI4 -> 6 | EQ4: =EJ4 -> 0.02 | ER4: =EK4 -> -0.05
A5: ='Quick Setup'!C6 -> Bench Press | B5: ='Quick Setup'!C62 -> 0.7 | C5: =if(B5='Quick Setup'!$C$33,'Quick Setup'!$C35,if(B5='Quick Setup'!$D$33,'Quick Setup'!$D35,if(B5='Quick Setup'!$E$33,'Quick Setup'!$E35,if(B5='Quick Setup'!$F$33,'Quick Setup'!$F35,if(B5='Quick Setup'!$G$33,'Quick Setup'!$G35,if(B5='Quick Setup'!$H$33,'Quick Setup'!$H35,if(B5='Quick Setup'!$I$33,'Quick Setup'!$I35,if(B5='Quick Setup'!$J$33,'Quick Setup'!$J35,if(B5='Quick Setup'!$K$33,'Quick Setup'!$K35,if(B5='Quick Setup'!$L$33,'Quick Setup'!$L35,if(B5='Quick Setup'!$M$33,'Quick Setup'!$M35,if(B5='Quick Setup'!$N$33,'Quick Setup'!$N35,if(B5='Quick Setup'!$O$33,'Quick Setup'!$O35,if(B5='Quick Setup'!$P$33,'Quick Setup'!$P35,if(B5='Quick Setup'!$Q$33,'Quick Setup'!$Q35,if(B5='Quick Setup'!$R$33,'Quick Setup'!$R35,if(B5='Quick Setup'!$S$33,'Quick Setup'!$S35,if(B5='Quick Setup'!$T$33,'Quick Setup'!$T35,if(B5='Quick Setup'!$U$33,'Quick Setup'!$U35,if(B5='Quick Setup'!$V$33,'Quick Setup'!$V35,'Quick Setup'!W35)))))))))))))))))))) -> 5 | D5: =if(B5='Quick Setup'!$C$47,'Quick Setup'!$C49,if(B5='Quick Setup'!$D$47,'Quick Setup'!$D49,if(B5='Quick Setup'!$E$47,'Quick Setup'!$E49,if(B5='Quick Setup'!$F$47,'Quick Setup'!$F49,if(B5='Quick Setup'!$G$47,'Quick Setup'!$G49,if(B5='Quick Setup'!$H$47,'Quick Setup'!$H49,if(B5='Quick Setup'!$I$47,'Quick Setup'!$I49,if(B5='Quick Setup'!$J$47,'Quick Setup'!$J49,if(B5='Quick Setup'!$K$47,'Quick Setup'!$K49,if(B5='Quick Setup'!$L$47,'Quick Setup'!$L49,if(B5='Quick Setup'!$M$47,'Quick Setup'!$M49,if(B5='Quick Setup'!$N$47,'Quick Setup'!$N49,if(B5='Quick Setup'!$O$47,'Quick Setup'!$O49,if(B5='Quick Setup'!$P$47,'Quick Setup'!$P49,if(B5='Quick Setup'!$Q$47,'Quick Setup'!$Q49,if(B5='Quick Setup'!$R$47,'Quick Setup'!$R49,if(B5='Quick Setup'!$S$47,'Quick Setup'!$S49,if(B5='Quick Setup'!$T$47,'Quick Setup'!$T49,if(B5='Quick Setup'!$U$47,'Quick Setup'!$U49,if(B5='Quick Setup'!$V$47,'Quick Setup'!$V49,if(B5='Quick Setup'!$W$47,'Quick Setup'!$W49))))))))))))))))))))) -> 3 | E5: ='Quick Setup'!H7 -> 4 | F5: ='Quick Setup'!I7 -> 6 | G5: ='Quick Setup'!J7 -> 0.02 | H5: ='Quick Setup'!K7 -> -0.05 | I5: ='Quick Setup'!D62 -> 0.75 | J5: =if(I5='Quick Setup'!$C$33,'Quick Setup'!$C35,if(I5='Quick Setup'!$D$33,'Quick Setup'!$D35,if(I5='Quick Setup'!$E$33,'Quick Setup'!$E35,if(I5='Quick Setup'!$F$33,'Quick Setup'!$F35,if(I5='Quick Setup'!$G$33,'Quick Setup'!$G35,if(I5='Quick Setup'!$H$33,'Quick Setup'!$H35,if(I5='Quick Setup'!$I$33,'Quick Setup'!$I35,if(I5='Quick Setup'!$J$33,'Quick Setup'!$J35,if(I5='Quick Setup'!$K$33,'Quick Setup'!$K35,if(I5='Quick Setup'!$L$33,'Quick Setup'!$L35,if(I5='Quick Setup'!$M$33,'Quick Setup'!$M35,if(I5='Quick Setup'!$N$33,'Quick Setup'!$N35,if(I5='Quick Setup'!$O$33,'Quick Setup'!$O35,if(I5='Quick Setup'!$P$33,'Quick Setup'!$P35,if(I5='Quick Setup'!$Q$33,'Quick Setup'!$Q35,if(I5='Quick Setup'!$R$33,'Quick Setup'!$R35,if(I5='Quick Setup'!$S$33,'Quick Setup'!$S35,if(I5='Quick Setup'!$T$33,'Quick Setup'!$T35,if(I5='Quick Setup'!$U$33,'Quick Setup'!$U35,if(I5='Quick Setup'!$V$33,'Quick Setup'!$V35,'2x'!AD6)))))))))))))))))))) -> 4 | K5: =if(I5='Quick Setup'!$C$47,'Quick Setup'!$C49,if(I5='Quick Setup'!$D$47,'Quick Setup'!$D49,if(I5='Quick Setup'!$E$47,'Quick Setup'!$E49,if(I5='Quick Setup'!$F$47,'Quick Setup'!$F49,if(I5='Quick Setup'!$G$47,'Quick Setup'!$G49,if(I5='Quick Setup'!$H$47,'Quick Setup'!$H49,if(I5='Quick Setup'!$I$47,'Quick Setup'!$I49,if(I5='Quick Setup'!$J$47,'Quick Setup'!$J49,if(I5='Quick Setup'!$K$47,'Quick Setup'!$K49,if(I5='Quick Setup'!$L$47,'Quick Setup'!$L49,if(I5='Quick Setup'!$M$47,'Quick Setup'!$M49,if(I5='Quick Setup'!$N$47,'Quick Setup'!$N49,if(I5='Quick Setup'!$O$47,'Quick Setup'!$O49,if(I5='Quick Setup'!$P$47,'Quick Setup'!$P49,if(I5='Quick Setup'!$Q$47,'Quick Setup'!$Q49,if(I5='Quick Setup'!$R$47,'Quick Setup'!$R49,if(I5='Quick Setup'!$S$47,'Quick Setup'!$S49,if(I5='Quick Setup'!$T$47,'Quick Setup'!$T49,if(I5='Quick Setup'!$U$47,'Quick Setup'!$U49,if(I5='Quick Setup'!$V$47,'Quick Setup'!$V49,if(I5='Quick Setup'!$W$47,'Quick Setup'!$W49))))))))))))))))))))) -> 3 | L5: =E5 -> 4 | M5: =F5 -> 6 | N5: =G5 -> 0.02 | O5: =H5 -> -0.05 | P5: ='Quick Setup'!E62 -> 0.8 | Q5: =if(P5='Quick Setup'!$C$33,'Quick Setup'!$C35,if(P5='Quick Setup'!$D$33,'Quick Setup'!$D35,if(P5='Quick Setup'!$E$33,'Quick Setup'!$E35,if(P5='Quick Setup'!$F$33,'Quick Setup'!$F35,if(P5='Quick Setup'!$G$33,'Quick Setup'!$G35,if(P5='Quick Setup'!$H$33,'Quick Setup'!$H35,if(P5='Quick Setup'!$I$33,'Quick Setup'!$I35,if(P5='Quick Setup'!$J$33,'Quick Setup'!$J35,if(P5='Quick Setup'!$K$33,'Quick Setup'!$K35,if(P5='Quick Setup'!$L$33,'Quick Setup'!$L35,if(P5='Quick Setup'!$M$33,'Quick Setup'!$M35,if(P5='Quick Setup'!$N$33,'Quick Setup'!$N35,if(P5='Quick Setup'!$O$33,'Quick Setup'!$O35,if(P5='Quick Setup'!$P$33,'Quick Setup'!$P35,if(P5='Quick Setup'!$Q$33,'Quick Setup'!$Q35,if(P5='Quick Setup'!$R$33,'Quick Setup'!$R35,if(P5='Quick Setup'!$S$33,'Quick Setup'!$S35,if(P5='Quick Setup'!$T$33,'Quick Setup'!$T35,if(P5='Quick Setup'!$U$33,'Quick Setup'!$U35,if(P5='Quick Setup'!$V$33,'Quick Setup'!$V35,'2x'!AK6)))))))))))))))))))) -> 3 | R5: =if(P5='Quick Setup'!$C$47,'Quick Setup'!$C49,if(P5='Quick Setup'!$D$47,'Quick Setup'!$D49,if(P5='Quick Setup'!$E$47,'Quick Setup'!$E49,if(P5='Quick Setup'!$F$47,'Quick Setup'!$F49,if(P5='Quick Setup'!$G$47,'Quick Setup'!$G49,if(P5='Quick Setup'!$H$47,'Quick Setup'!$H49,if(P5='Quick Setup'!$I$47,'Quick Setup'!$I49,if(P5='Quick Setup'!$J$47,'Quick Setup'!$J49,if(P5='Quick Setup'!$K$47,'Quick Setup'!$K49,if(P5='Quick Setup'!$L$47,'Quick Setup'!$L49,if(P5='Quick Setup'!$M$47,'Quick Setup'!$M49,if(P5='Quick Setup'!$N$47,'Quick Setup'!$N49,if(P5='Quick Setup'!$O$47,'Quick Setup'!$O49,if(P5='Quick Setup'!$P$47,'Quick Setup'!$P49,if(P5='Quick Setup'!$Q$47,'Quick Setup'!$Q49,if(P5='Quick Setup'!$R$47,'Quick Setup'!$R49,if(P5='Quick Setup'!$S$47,'Quick Setup'!$S49,if(P5='Quick Setup'!$T$47,'Quick Setup'!$T49,if(P5='Quick Setup'!$U$47,'Quick Setup'!$U49,if(P5='Quick Setup'!$V$47,'Quick Setup'!$V49,if(P5='Quick Setup'!$W$47,'Quick Setup'!$W49))))))))))))))))))))) -> 2 | S5: =L5 -> 4 | T5: =M5 -> 6 | U5: =N5 -> 0.02 | V5: =O5 -> -0.05 | W5: ='Quick Setup'!F62 -> 0.725 | X5: =if(W5='Quick Setup'!$C$33,'Quick Setup'!$C35,if(W5='Quick Setup'!$D$33,'Quick Setup'!$D35,if(W5='Quick Setup'!$E$33,'Quick Setup'!$E35,if(W5='Quick Setup'!$F$33,'Quick Setup'!$F35,if(W5='Quick Setup'!$G$33,'Quick Setup'!$G35,if(W5='Quick Setup'!$H$33,'Quick Setup'!$H35,if(W5='Quick Setup'!$I$33,'Quick Setup'!$I35,if(W5='Quick Setup'!$J$33,'Quick Setup'!$J35,if(W5='Quick Setup'!$K$33,'Quick Setup'!$K35,if(W5='Quick Setup'!$L$33,'Quick Setup'!$L35,if(W5='Quick Setup'!$M$33,'Quick Setup'!$M35,if(W5='Quick Setup'!$N$33,'Quick Setup'!$N35,if(W5='Quick Setup'!$O$33,'Quick Setup'!$O35,if(W5='Quick Setup'!$P$33,'Quick Setup'!$P35,if(W5='Quick Setup'!$Q$33,'Quick Setup'!$Q35,if(W5='Quick Setup'!$R$33,'Quick Setup'!$R35,if(W5='Quick Setup'!$S$33,'Quick Setup'!$S35,if(W5='Quick Setup'!$T$33,'Quick Setup'!$T35,if(W5='Quick Setup'!$U$33,'Quick Setup'!$U35,if(W5='Quick Setup'!$V$33,'Quick Setup'!$V35,'2x'!AR6)))))))))))))))))))) -> 5 | Y5: =if(W5='Quick Setup'!$C$47,'Quick Setup'!$C49,if(W5='Quick Setup'!$D$47,'Quick Setup'!$D49,if(W5='Quick Setup'!$E$47,'Quick Setup'!$E49,if(W5='Quick Setup'!$F$47,'Quick Setup'!$F49,if(W5='Quick Setup'!$G$47,'Quick Setup'!$G49,if(W5='Quick Setup'!$H$47,'Quick Setup'!$H49,if(W5='Quick Setup'!$I$47,'Quick Setup'!$I49,if(W5='Quick Setup'!$J$47,'Quick Setup'!$J49,if(W5='Quick Setup'!$K$47,'Quick Setup'!$K49,if(W5='Quick Setup'!$L$47,'Quick Setup'!$L49,if(W5='Quick Setup'!$M$47,'Quick Setup'!$M49,if(W5='Quick Setup'!$N$47,'Quick Setup'!$N49,if(W5='Quick Setup'!$O$47,'Quick Setup'!$O49,if(W5='Quick Setup'!$P$47,'Quick Setup'!$P49,if(W5='Quick Setup'!$Q$47,'Quick Setup'!$Q49,if(W5='Quick Setup'!$R$47,'Quick Setup'!$R49,if(W5='Quick Setup'!$S$47,'Quick Setup'!$S49,if(W5='Quick Setup'!$T$47,'Quick Setup'!$T49,if(W5='Quick Setup'!$U$47,'Quick Setup'!$U49,if(W5='Quick Setup'!$V$47,'Quick Setup'!$V49,if(W5='Quick Setup'!$W$47,'Quick Setup'!$W49))))))))))))))))))))) -> 3 | Z5: =S5 -> 4 | AA5: =T5 -> 6 | AB5: =U5 -> 0.02 | AC5: =V5 -> -0.05 | AD5: ='Quick Setup'!G62 -> 0.775 | AE5: =if(AD5='Quick Setup'!$C$33,'Quick Setup'!$C35,if(AD5='Quick Setup'!$D$33,'Quick Setup'!$D35,if(AD5='Quick Setup'!$E$33,'Quick Setup'!$E35,if(AD5='Quick Setup'!$F$33,'Quick Setup'!$F35,if(AD5='Quick Setup'!$G$33,'Quick Setup'!$G35,if(AD5='Quick Setup'!$H$33,'Quick Setup'!$H35,if(AD5='Quick Setup'!$I$33,'Quick Setup'!$I35,if(AD5='Quick Setup'!$J$33,'Quick Setup'!$J35,if(AD5='Quick Setup'!$K$33,'Quick Setup'!$K35,if(AD5='Quick Setup'!$L$33,'Quick Setup'!$L35,if(AD5='Quick Setup'!$M$33,'Quick Setup'!$M35,if(AD5='Quick Setup'!$N$33,'Quick Setup'!$N35,if(AD5='Quick Setup'!$O$33,'Quick Setup'!$O35,if(AD5='Quick Setup'!$P$33,'Quick Setup'!$P35,if(AD5='Quick Setup'!$Q$33,'Quick Setup'!$Q35,if(AD5='Quick Setup'!$R$33,'Quick Setup'!$R35,if(AD5='Quick Setup'!$S$33,'Quick Setup'!$S35,if(AD5='Quick Setup'!$T$33,'Quick Setup'!$T35,if(AD5='Quick Setup'!$U$33,'Quick Setup'!$U35,if(AD5='Quick Setup'!$V$33,'Quick Setup'!$V35,'2x'!AY6)))))))))))))))))))) -> 4 | AF5: =if(AD5='Quick Setup'!$C$47,'Quick Setup'!$C49,if(AD5='Quick Setup'!$D$47,'Quick Setup'!$D49,if(AD5='Quick Setup'!$E$47,'Quick Setup'!$E49,if(AD5='Quick Setup'!$F$47,'Quick Setup'!$F49,if(AD5='Quick Setup'!$G$47,'Quick Setup'!$G49,if(AD5='Quick Setup'!$H$47,'Quick Setup'!$H49,if(AD5='Quick Setup'!$I$47,'Quick Setup'!$I49,if(AD5='Quick Setup'!$J$47,'Quick Setup'!$J49,if(AD5='Quick Setup'!$K$47,'Quick Setup'!$K49,if(AD5='Quick Setup'!$L$47,'Quick Setup'!$L49,if(AD5='Quick Setup'!$M$47,'Quick Setup'!$M49,if(AD5='Quick Setup'!$N$47,'Quick Setup'!$N49,if(AD5='Quick Setup'!$O$47,'Quick Setup'!$O49,if(AD5='Quick Setup'!$P$47,'Quick Setup'!$P49,if(AD5='Quick Setup'!$Q$47,'Quick Setup'!$Q49,if(AD5='Quick Setup'!$R$47,'Quick Setup'!$R49,if(AD5='Quick Setup'!$S$47,'Quick Setup'!$S49,if(AD5='Quick Setup'!$T$47,'Quick Setup'!$T49,if(AD5='Quick Setup'!$U$47,'Quick Setup'!$U49,if(AD5='Quick Setup'!$V$47,'Quick Setup'!$V49,if(AD5='Quick Setup'!$W$47,'Quick Setup'!$W49))))))))))))))))))))) -> 3 | AG5: =Z5 -> 4 | AH5: =AA5 -> 6 | AI5: =AB5 -> 0.02 | AJ5: =AC5 -> -0.05 | AK5: ='Quick Setup'!H62 -> 0.825 | AL5: =if(AK5='Quick Setup'!$C$33,'Quick Setup'!$C35,if(AK5='Quick Setup'!$D$33,'Quick Setup'!$D35,if(AK5='Quick Setup'!$E$33,'Quick Setup'!$E35,if(AK5='Quick Setup'!$F$33,'Quick Setup'!$F35,if(AK5='Quick Setup'!$G$33,'Quick Setup'!$G35,if(AK5='Quick Setup'!$H$33,'Quick Setup'!$H35,if(AK5='Quick Setup'!$I$33,'Quick Setup'!$I35,if(AK5='Quick Setup'!$J$33,'Quick Setup'!$J35,if(AK5='Quick Setup'!$K$33,'Quick Setup'!$K35,if(AK5='Quick Setup'!$L$33,'Quick Setup'!$L35,if(AK5='Quick Setup'!$M$33,'Quick Setup'!$M35,if(AK5='Quick Setup'!$N$33,'Quick Setup'!$N35,if(AK5='Quick Setup'!$O$33,'Quick Setup'!$O35,if(AK5='Quick Setup'!$P$33,'Quick Setup'!$P35,if(AK5='Quick Setup'!$Q$33,'Quick Setup'!$Q35,if(AK5='Quick Setup'!$R$33,'Quick Setup'!$R35,if(AK5='Quick Setup'!$S$33,'Quick Setup'!$S35,if(AK5='Quick Setup'!$T$33,'Quick Setup'!$T35,if(AK5='Quick Setup'!$U$33,'Quick Setup'!$U35,if(AK5='Quick Setup'!$V$33,'Quick Setup'!$V35,'2x'!BF6)))))))))))))))))))) -> 3 | AM5: =if(AK5='Quick Setup'!$C$47,'Quick Setup'!$C49,if(AK5='Quick Setup'!$D$47,'Quick Setup'!$D49,if(AK5='Quick Setup'!$E$47,'Quick Setup'!$E49,if(AK5='Quick Setup'!$F$47,'Quick Setup'!$F49,if(AK5='Quick Setup'!$G$47,'Quick Setup'!$G49,if(AK5='Quick Setup'!$H$47,'Quick Setup'!$H49,if(AK5='Quick Setup'!$I$47,'Quick Setup'!$I49,if(AK5='Quick Setup'!$J$47,'Quick Setup'!$J49,if(AK5='Quick Setup'!$K$47,'Quick Setup'!$K49,if(AK5='Quick Setup'!$L$47,'Quick Setup'!$L49,if(AK5='Quick Setup'!$M$47,'Quick Setup'!$M49,if(AK5='Quick Setup'!$N$47,'Quick Setup'!$N49,if(AK5='Quick Setup'!$O$47,'Quick Setup'!$O49,if(AK5='Quick Setup'!$P$47,'Quick Setup'!$P49,if(AK5='Quick Setup'!$Q$47,'Quick Setup'!$Q49,if(AK5='Quick Setup'!$R$47,'Quick Setup'!$R49,if(AK5='Quick Setup'!$S$47,'Quick Setup'!$S49,if(AK5='Quick Setup'!$T$47,'Quick Setup'!$T49,if(AK5='Quick Setup'!$U$47,'Quick Setup'!$U49,if(AK5='Quick Setup'!$V$47,'Quick Setup'!$V49,if(AK5='Quick Setup'!$W$47,'Quick Setup'!$W49))))))))))))))))))))) -> 2 | AN5: =AG5 -> 4 | AO5: =AH5 -> 6 | AP5: =AI5 -> 0.02 | AQ5: =AJ5 -> -0.05 | AR5: ='Quick Setup'!I62 -> 0.6 | AS5: =if(AR5='Quick Setup'!$C$33,'Quick Setup'!$C35,if(AR5='Quick Setup'!$D$33,'Quick Setup'!$D35,if(AR5='Quick Setup'!$E$33,'Quick Setup'!$E35,if(AR5='Quick Setup'!$F$33,'Quick Setup'!$F35,if(AR5='Quick Setup'!$G$33,'Quick Setup'!$G35,if(AR5='Quick Setup'!$H$33,'Quick Setup'!$H35,if(AR5='Quick Setup'!$I$33,'Quick Setup'!$I35,if(AR5='Quick Setup'!$J$33,'Quick Setup'!$J35,if(AR5='Quick Setup'!$K$33,'Quick Setup'!$K35,if(AR5='Quick Setup'!$L$33,'Quick Setup'!$L35,if(AR5='Quick Setup'!$M$33,'Quick Setup'!$M35,if(AR5='Quick Setup'!$N$33,'Quick Setup'!$N35,if(AR5='Quick Setup'!$O$33,'Quick Setup'!$O35,if(AR5='Quick Setup'!$P$33,'Quick Setup'!$P35,if(AR5='Quick Setup'!$Q$33,'Quick Setup'!$Q35,if(AR5='Quick Setup'!$R$33,'Quick Setup'!$R35,if(AR5='Quick Setup'!$S$33,'Quick Setup'!$S35,if(AR5='Quick Setup'!$T$33,'Quick Setup'!$T35,if(AR5='Quick Setup'!$U$33,'Quick Setup'!$U35,if(AR5='Quick Setup'!$V$33,'Quick Setup'!$V35,'2x'!BM6)))))))))))))))))))) -> 7 | AT5: =if(AR5='Quick Setup'!$C$47,'Quick Setup'!$C49,if(AR5='Quick Setup'!$D$47,'Quick Setup'!$D49,if(AR5='Quick Setup'!$E$47,'Quick Setup'!$E49,if(AR5='Quick Setup'!$F$47,'Quick Setup'!$F49,if(AR5='Quick Setup'!$G$47,'Quick Setup'!$G49,if(AR5='Quick Setup'!$H$47,'Quick Setup'!$H49,if(AR5='Quick Setup'!$I$47,'Quick Setup'!$I49,if(AR5='Quick Setup'!$J$47,'Quick Setup'!$J49,if(AR5='Quick Setup'!$K$47,'Quick Setup'!$K49,if(AR5='Quick Setup'!$L$47,'Quick Setup'!$L49,if(AR5='Quick Setup'!$M$47,'Quick Setup'!$M49,if(AR5='Quick Setup'!$N$47,'Quick Setup'!$N49,if(AR5='Quick Setup'!$O$47,'Quick Setup'!$O49,if(AR5='Quick Setup'!$P$47,'Quick Setup'!$P49,if(AR5='Quick Setup'!$Q$47,'Quick Setup'!$Q49,if(AR5='Quick Setup'!$R$47,'Quick Setup'!$R49,if(AR5='Quick Setup'!$S$47,'Quick Setup'!$S49,if(AR5='Quick Setup'!$T$47,'Quick Setup'!$T49,if(AR5='Quick Setup'!$U$47,'Quick Setup'!$U49,if(AR5='Quick Setup'!$V$47,'Quick Setup'!$V49,if(AR5='Quick Setup'!$W$47,'Quick Setup'!$W49))))))))))))))))))))) -> 4 | AU5: =AN5 -> 4 | AV5: =AO5 -> 6 | AW5: =AP5 -> 0.02 | AX5: =AQ5 -> -0.05 | AY5: ='Quick Setup'!J62 -> 0.75 | AZ5: =if(AY5='Quick Setup'!$C$33,'Quick Setup'!$C35,if(AY5='Quick Setup'!$D$33,'Quick Setup'!$D35,if(AY5='Quick Setup'!$E$33,'Quick Setup'!$E35,if(AY5='Quick Setup'!$F$33,'Quick Setup'!$F35,if(AY5='Quick Setup'!$G$33,'Quick Setup'!$G35,if(AY5='Quick Setup'!$H$33,'Quick Setup'!$H35,if(AY5='Quick Setup'!$I$33,'Quick Setup'!$I35,if(AY5='Quick Setup'!$J$33,'Quick Setup'!$J35,if(AY5='Quick Setup'!$K$33,'Quick Setup'!$K35,if(AY5='Quick Setup'!$L$33,'Quick Setup'!$L35,if(AY5='Quick Setup'!$M$33,'Quick Setup'!$M35,if(AY5='Quick Setup'!$N$33,'Quick Setup'!$N35,if(AY5='Quick Setup'!$O$33,'Quick Setup'!$O35,if(AY5='Quick Setup'!$P$33,'Quick Setup'!$P35,if(AY5='Quick Setup'!$Q$33,'Quick Setup'!$Q35,if(AY5='Quick Setup'!$R$33,'Quick Setup'!$R35,if(AY5='Quick Setup'!$S$33,'Quick Setup'!$S35,if(AY5='Quick Setup'!$T$33,'Quick Setup'!$T35,if(AY5='Quick Setup'!$U$33,'Quick Setup'!$U35,if(AY5='Quick Setup'!$V$33,'Quick Setup'!$V35,'2x'!BT6)))))))))))))))))))) -> 4 | BA5: =if(AY5='Quick Setup'!$C$47,'Quick Setup'!$C49,if(AY5='Quick Setup'!$D$47,'Quick Setup'!$D49,if(AY5='Quick Setup'!$E$47,'Quick Setup'!$E49,if(AY5='Quick Setup'!$F$47,'Quick Setup'!$F49,if(AY5='Quick Setup'!$G$47,'Quick Setup'!$G49,if(AY5='Quick Setup'!$H$47,'Quick Setup'!$H49,if(AY5='Quick Setup'!$I$47,'Quick Setup'!$I49,if(AY5='Quick Setup'!$J$47,'Quick Setup'!$J49,if(AY5='Quick Setup'!$K$47,'Quick Setup'!$K49,if(AY5='Quick Setup'!$L$47,'Quick Setup'!$L49,if(AY5='Quick Setup'!$M$47,'Quick Setup'!$M49,if(AY5='Quick Setup'!$N$47,'Quick Setup'!$N49,if(AY5='Quick Setup'!$O$47,'Quick Setup'!$O49,if(AY5='Quick Setup'!$P$47,'Quick Setup'!$P49,if(AY5='Quick Setup'!$Q$47,'Quick Setup'!$Q49,if(AY5='Quick Setup'!$R$47,'Quick Setup'!$R49,if(AY5='Quick Setup'!$S$47,'Quick Setup'!$S49,if(AY5='Quick Setup'!$T$47,'Quick Setup'!$T49,if(AY5='Quick Setup'!$U$47,'Quick Setup'!$U49,if(AY5='Quick Setup'!$V$47,'Quick Setup'!$V49,if(AY5='Quick Setup'!$W$47,'Quick Setup'!$W49))))))))))))))))))))) -> 3 | BB5: =AU5 -> 4 | BC5: =AV5 -> 6 | BD5: =AW5 -> 0.02 | BE5: =AX5 -> -0.05 | BF5: ='Quick Setup'!K62 -> 0.8 | BG5: =if(BF5='Quick Setup'!$C$33,'Quick Setup'!$C35,if(BF5='Quick Setup'!$D$33,'Quick Setup'!$D35,if(BF5='Quick Setup'!$E$33,'Quick Setup'!$E35,if(BF5='Quick Setup'!$F$33,'Quick Setup'!$F35,if(BF5='Quick Setup'!$G$33,'Quick Setup'!$G35,if(BF5='Quick Setup'!$H$33,'Quick Setup'!$H35,if(BF5='Quick Setup'!$I$33,'Quick Setup'!$I35,if(BF5='Quick Setup'!$J$33,'Quick Setup'!$J35,if(BF5='Quick Setup'!$K$33,'Quick Setup'!$K35,if(BF5='Quick Setup'!$L$33,'Quick Setup'!$L35,if(BF5='Quick Setup'!$M$33,'Quick Setup'!$M35,if(BF5='Quick Setup'!$N$33,'Quick Setup'!$N35,if(BF5='Quick Setup'!$O$33,'Quick Setup'!$O35,if(BF5='Quick Setup'!$P$33,'Quick Setup'!$P35,if(BF5='Quick Setup'!$Q$33,'Quick Setup'!$Q35,if(BF5='Quick Setup'!$R$33,'Quick Setup'!$R35,if(BF5='Quick Setup'!$S$33,'Quick Setup'!$S35,if(BF5='Quick Setup'!$T$33,'Quick Setup'!$T35,if(BF5='Quick Setup'!$U$33,'Quick Setup'!$U35,if(BF5='Quick Setup'!$V$33,'Quick Setup'!$V35,'2x'!CA6)))))))))))))))))))) -> 3 | BH5: =if(BF5='Quick Setup'!$C$47,'Quick Setup'!$C49,if(BF5='Quick Setup'!$D$47,'Quick Setup'!$D49,if(BF5='Quick Setup'!$E$47,'Quick Setup'!$E49,if(BF5='Quick Setup'!$F$47,'Quick Setup'!$F49,if(BF5='Quick Setup'!$G$47,'Quick Setup'!$G49,if(BF5='Quick Setup'!$H$47,'Quick Setup'!$H49,if(BF5='Quick Setup'!$I$47,'Quick Setup'!$I49,if(BF5='Quick Setup'!$J$47,'Quick Setup'!$J49,if(BF5='Quick Setup'!$K$47,'Quick Setup'!$K49,if(BF5='Quick Setup'!$L$47,'Quick Setup'!$L49,if(BF5='Quick Setup'!$M$47,'Quick Setup'!$M49,if(BF5='Quick Setup'!$N$47,'Quick Setup'!$N49,if(BF5='Quick Setup'!$O$47,'Quick Setup'!$O49,if(BF5='Quick Setup'!$P$47,'Quick Setup'!$P49,if(BF5='Quick Setup'!$Q$47,'Quick Setup'!$Q49,if(BF5='Quick Setup'!$R$47,'Quick Setup'!$R49,if(BF5='Quick Setup'!$S$47,'Quick Setup'!$S49,if(BF5='Quick Setup'!$T$47,'Quick Setup'!$T49,if(BF5='Quick Setup'!$U$47,'Quick Setup'!$U49,if(BF5='Quick Setup'!$V$47,'Quick Setup'!$V49,if(BF5='Quick Setup'!$W$47,'Quick Setup'!$W49))))))))))))))))))))) -> 2 | BI5: =BB5 -> 4 | BJ5: =BC5 -> 6 | BK5: =BD5 -> 0.02 | BL5: =BE5 -> -0.05 | BM5: ='Quick Setup'!L62 -> 0.85 | BN5: =if(BM5='Quick Setup'!$C$33,'Quick Setup'!$C35,if(BM5='Quick Setup'!$D$33,'Quick Setup'!$D35,if(BM5='Quick Setup'!$E$33,'Quick Setup'!$E35,if(BM5='Quick Setup'!$F$33,'Quick Setup'!$F35,if(BM5='Quick Setup'!$G$33,'Quick Setup'!$G35,if(BM5='Quick Setup'!$H$33,'Quick Setup'!$H35,if(BM5='Quick Setup'!$I$33,'Quick Setup'!$I35,if(BM5='Quick Setup'!$J$33,'Quick Setup'!$J35,if(BM5='Quick Setup'!$K$33,'Quick Setup'!$K35,if(BM5='Quick Setup'!$L$33,'Quick Setup'!$L35,if(BM5='Quick Setup'!$M$33,'Quick Setup'!$M35,if(BM5='Quick Setup'!$N$33,'Quick Setup'!$N35,if(BM5='Quick Setup'!$O$33,'Quick Setup'!$O35,if(BM5='Quick Setup'!$P$33,'Quick Setup'!$P35,if(BM5='Quick Setup'!$Q$33,'Quick Setup'!$Q35,if(BM5='Quick Setup'!$R$33,'Quick Setup'!$R35,if(BM5='Quick Setup'!$S$33,'Quick Setup'!$S35,if(BM5='Quick Setup'!$T$33,'Quick Setup'!$T35,if(BM5='Quick Setup'!$U$33,'Quick Setup'!$U35,if(BM5='Quick Setup'!$V$33,'Quick Setup'!$V35,'2x'!CH6)))))))))))))))))))) -> 2 | BO5: =if(BM5='Quick Setup'!$C$47,'Quick Setup'!$C49,if(BM5='Quick Setup'!$D$47,'Quick Setup'!$D49,if(BM5='Quick Setup'!$E$47,'Quick Setup'!$E49,if(BM5='Quick Setup'!$F$47,'Quick Setup'!$F49,if(BM5='Quick Setup'!$G$47,'Quick Setup'!$G49,if(BM5='Quick Setup'!$H$47,'Quick Setup'!$H49,if(BM5='Quick Setup'!$I$47,'Quick Setup'!$I49,if(BM5='Quick Setup'!$J$47,'Quick Setup'!$J49,if(BM5='Quick Setup'!$K$47,'Quick Setup'!$K49,if(BM5='Quick Setup'!$L$47,'Quick Setup'!$L49,if(BM5='Quick Setup'!$M$47,'Quick Setup'!$M49,if(BM5='Quick Setup'!$N$47,'Quick Setup'!$N49,if(BM5='Quick Setup'!$O$47,'Quick Setup'!$O49,if(BM5='Quick Setup'!$P$47,'Quick Setup'!$P49,if(BM5='Quick Setup'!$Q$47,'Quick Setup'!$Q49,if(BM5='Quick Setup'!$R$47,'Quick Setup'!$R49,if(BM5='Quick Setup'!$S$47,'Quick Setup'!$S49,if(BM5='Quick Setup'!$T$47,'Quick Setup'!$T49,if(BM5='Quick Setup'!$U$47,'Quick Setup'!$U49,if(BM5='Quick Setup'!$V$47,'Quick Setup'!$V49,if(BM5='Quick Setup'!$W$47,'Quick Setup'!$W49))))))))))))))))))))) -> 2 | BP5: =BI5 -> 4 | BQ5: =BJ5 -> 6 | BR5: =BK5 -> 0.02 | BS5: =BL5 -> -0.05 | BT5: ='Quick Setup'!M62 -> 0.775 | BU5: =if(BT5='Quick Setup'!$C$33,'Quick Setup'!$C35,if(BT5='Quick Setup'!$D$33,'Quick Setup'!$D35,if(BT5='Quick Setup'!$E$33,'Quick Setup'!$E35,if(BT5='Quick Setup'!$F$33,'Quick Setup'!$F35,if(BT5='Quick Setup'!$G$33,'Quick Setup'!$G35,if(BT5='Quick Setup'!$H$33,'Quick Setup'!$H35,if(BT5='Quick Setup'!$I$33,'Quick Setup'!$I35,if(BT5='Quick Setup'!$J$33,'Quick Setup'!$J35,if(BT5='Quick Setup'!$K$33,'Quick Setup'!$K35,if(BT5='Quick Setup'!$L$33,'Quick Setup'!$L35,if(BT5='Quick Setup'!$M$33,'Quick Setup'!$M35,if(BT5='Quick Setup'!$N$33,'Quick Setup'!$N35,if(BT5='Quick Setup'!$O$33,'Quick Setup'!$O35,if(BT5='Quick Setup'!$P$33,'Quick Setup'!$P35,if(BT5='Quick Setup'!$Q$33,'Quick Setup'!$Q35,if(BT5='Quick Setup'!$R$33,'Quick Setup'!$R35,if(BT5='Quick Setup'!$S$33,'Quick Setup'!$S35,if(BT5='Quick Setup'!$T$33,'Quick Setup'!$T35,if(BT5='Quick Setup'!$U$33,'Quick Setup'!$U35,if(BT5='Quick Setup'!$V$33,'Quick Setup'!$V35,'2x'!CO6)))))))))))))))))))) -> 4 | BV5: =if(BT5='Quick Setup'!$C$47,'Quick Setup'!$C49,if(BT5='Quick Setup'!$D$47,'Quick Setup'!$D49,if(BT5='Quick Setup'!$E$47,'Quick Setup'!$E49,if(BT5='Quick Setup'!$F$47,'Quick Setup'!$F49,if(BT5='Quick Setup'!$G$47,'Quick Setup'!$G49,if(BT5='Quick Setup'!$H$47,'Quick Setup'!$H49,if(BT5='Quick Setup'!$I$47,'Quick Setup'!$I49,if(BT5='Quick Setup'!$J$47,'Quick Setup'!$J49,if(BT5='Quick Setup'!$K$47,'Quick Setup'!$K49,if(BT5='Quick Setup'!$L$47,'Quick Setup'!$L49,if(BT5='Quick Setup'!$M$47,'Quick Setup'!$M49,if(BT5='Quick Setup'!$N$47,'Quick Setup'!$N49,if(BT5='Quick Setup'!$O$47,'Quick Setup'!$O49,if(BT5='Quick Setup'!$P$47,'Quick Setup'!$P49,if(BT5='Quick Setup'!$Q$47,'Quick Setup'!$Q49,if(BT5='Quick Setup'!$R$47,'Quick Setup'!$R49,if(BT5='Quick Setup'!$S$47,'Quick Setup'!$S49,if(BT5='Quick Setup'!$T$47,'Quick Setup'!$T49,if(BT5='Quick Setup'!$U$47,'Quick Setup'!$U49,if(BT5='Quick Setup'!$V$47,'Quick Setup'!$V49,if(BT5='Quick Setup'!$W$47,'Quick Setup'!$W49))))))))))))))))))))) -> 3 | BW5: =BP5 -> 4 | BX5: =BQ5 -> 6 | BY5: =BR5 -> 0.02 | BZ5: =BS5 -> -0.05 | CA5: ='Quick Setup'!N62 -> 0.825 | CB5: =if(CA5='Quick Setup'!$C$33,'Quick Setup'!$C35,if(CA5='Quick Setup'!$D$33,'Quick Setup'!$D35,if(CA5='Quick Setup'!$E$33,'Quick Setup'!$E35,if(CA5='Quick Setup'!$F$33,'Quick Setup'!$F35,if(CA5='Quick Setup'!$G$33,'Quick Setup'!$G35,if(CA5='Quick Setup'!$H$33,'Quick Setup'!$H35,if(CA5='Quick Setup'!$I$33,'Quick Setup'!$I35,if(CA5='Quick Setup'!$J$33,'Quick Setup'!$J35,if(CA5='Quick Setup'!$K$33,'Quick Setup'!$K35,if(CA5='Quick Setup'!$L$33,'Quick Setup'!$L35,if(CA5='Quick Setup'!$M$33,'Quick Setup'!$M35,if(CA5='Quick Setup'!$N$33,'Quick Setup'!$N35,if(CA5='Quick Setup'!$O$33,'Quick Setup'!$O35,if(CA5='Quick Setup'!$P$33,'Quick Setup'!$P35,if(CA5='Quick Setup'!$Q$33,'Quick Setup'!$Q35,if(CA5='Quick Setup'!$R$33,'Quick Setup'!$R35,if(CA5='Quick Setup'!$S$33,'Quick Setup'!$S35,if(CA5='Quick Setup'!$T$33,'Quick Setup'!$T35,if(CA5='Quick Setup'!$U$33,'Quick Setup'!$U35,if(CA5='Quick Setup'!$V$33,'Quick Setup'!$V35,'2x'!CV6)))))))))))))))))))) -> 3 | CC5: =if(CA5='Quick Setup'!$C$47,'Quick Setup'!$C49,if(CA5='Quick Setup'!$D$47,'Quick Setup'!$D49,if(CA5='Quick Setup'!$E$47,'Quick Setup'!$E49,if(CA5='Quick Setup'!$F$47,'Quick Setup'!$F49,if(CA5='Quick Setup'!$G$47,'Quick Setup'!$G49,if(CA5='Quick Setup'!$H$47,'Quick Setup'!$H49,if(CA5='Quick Setup'!$I$47,'Quick Setup'!$I49,if(CA5='Quick Setup'!$J$47,'Quick Setup'!$J49,if(CA5='Quick Setup'!$K$47,'Quick Setup'!$K49,if(CA5='Quick Setup'!$L$47,'Quick Setup'!$L49,if(CA5='Quick Setup'!$M$47,'Quick Setup'!$M49,if(CA5='Quick Setup'!$N$47,'Quick Setup'!$N49,if(CA5='Quick Setup'!$O$47,'Quick Setup'!$O49,if(CA5='Quick Setup'!$P$47,'Quick Setup'!$P49,if(CA5='Quick Setup'!$Q$47,'Quick Setup'!$Q49,if(CA5='Quick Setup'!$R$47,'Quick Setup'!$R49,if(CA5='Quick Setup'!$S$47,'Quick Setup'!$S49,if(CA5='Quick Setup'!$T$47,'Quick Setup'!$T49,if(CA5='Quick Setup'!$U$47,'Quick Setup'!$U49,if(CA5='Quick Setup'!$V$47,'Quick Setup'!$V49,if(CA5='Quick Setup'!$W$47,'Quick Setup'!$W49))))))))))))))))))))) -> 2 | CD5: =BW5 -> 4 | CE5: =BX5 -> 6 | CF5: =BY5 -> 0.02 | CG5: =BZ5 -> -0.05 | CH5: ='Quick Setup'!O62 -> 0.875 | CI5: =if(CH5='Quick Setup'!$C$33,'Quick Setup'!$C35,if(CH5='Quick Setup'!$D$33,'Quick Setup'!$D35,if(CH5='Quick Setup'!$E$33,'Quick Setup'!$E35,if(CH5='Quick Setup'!$F$33,'Quick Setup'!$F35,if(CH5='Quick Setup'!$G$33,'Quick Setup'!$G35,if(CH5='Quick Setup'!$H$33,'Quick Setup'!$H35,if(CH5='Quick Setup'!$I$33,'Quick Setup'!$I35,if(CH5='Quick Setup'!$J$33,'Quick Setup'!$J35,if(CH5='Quick Setup'!$K$33,'Quick Setup'!$K35,if(CH5='Quick Setup'!$L$33,'Quick Setup'!$L35,if(CH5='Quick Setup'!$M$33,'Quick Setup'!$M35,if(CH5='Quick Setup'!$N$33,'Quick Setup'!$N35,if(CH5='Quick Setup'!$O$33,'Quick Setup'!$O35,if(CH5='Quick Setup'!$P$33,'Quick Setup'!$P35,if(CH5='Quick Setup'!$Q$33,'Quick Setup'!$Q35,if(CH5='Quick Setup'!$R$33,'Quick Setup'!$R35,if(CH5='Quick Setup'!$S$33,'Quick Setup'!$S35,if(CH5='Quick Setup'!$T$33,'Quick Setup'!$T35,if(CH5='Quick Setup'!$U$33,'Quick Setup'!$U35,if(CH5='Quick Setup'!$V$33,'Quick Setup'!$V35,'2x'!DC6)))))))))))))))))))) -> 2 | CJ5: =if(CH5='Quick Setup'!$C$47,'Quick Setup'!$C49,if(CH5='Quick Setup'!$D$47,'Quick Setup'!$D49,if(CH5='Quick Setup'!$E$47,'Quick Setup'!$E49,if(CH5='Quick Setup'!$F$47,'Quick Setup'!$F49,if(CH5='Quick Setup'!$G$47,'Quick Setup'!$G49,if(CH5='Quick Setup'!$H$47,'Quick Setup'!$H49,if(CH5='Quick Setup'!$I$47,'Quick Setup'!$I49,if(CH5='Quick Setup'!$J$47,'Quick Setup'!$J49,if(CH5='Quick Setup'!$K$47,'Quick Setup'!$K49,if(CH5='Quick Setup'!$L$47,'Quick Setup'!$L49,if(CH5='Quick Setup'!$M$47,'Quick Setup'!$M49,if(CH5='Quick Setup'!$N$47,'Quick Setup'!$N49,if(CH5='Quick Setup'!$O$47,'Quick Setup'!$O49,if(CH5='Quick Setup'!$P$47,'Quick Setup'!$P49,if(CH5='Quick Setup'!$Q$47,'Quick Setup'!$Q49,if(CH5='Quick Setup'!$R$47,'Quick Setup'!$R49,if(CH5='Quick Setup'!$S$47,'Quick Setup'!$S49,if(CH5='Quick Setup'!$T$47,'Quick Setup'!$T49,if(CH5='Quick Setup'!$U$47,'Quick Setup'!$U49,if(CH5='Quick Setup'!$V$47,'Quick Setup'!$V49,if(CH5='Quick Setup'!$W$47,'Quick Setup'!$W49))))))))))))))))))))) -> 2 | CK5: =CD5 -> 4 | CL5: =CE5 -> 6 | CM5: =CF5 -> 0.02 | CN5: =CG5 -> -0.05 | CO5: ='Quick Setup'!P62 -> 0.6 | CP5: =if(CO5='Quick Setup'!$C$33,'Quick Setup'!$C35,if(CO5='Quick Setup'!$D$33,'Quick Setup'!$D35,if(CO5='Quick Setup'!$E$33,'Quick Setup'!$E35,if(CO5='Quick Setup'!$F$33,'Quick Setup'!$F35,if(CO5='Quick Setup'!$G$33,'Quick Setup'!$G35,if(CO5='Quick Setup'!$H$33,'Quick Setup'!$H35,if(CO5='Quick Setup'!$I$33,'Quick Setup'!$I35,if(CO5='Quick Setup'!$J$33,'Quick Setup'!$J35,if(CO5='Quick Setup'!$K$33,'Quick Setup'!$K35,if(CO5='Quick Setup'!$L$33,'Quick Setup'!$L35,if(CO5='Quick Setup'!$M$33,'Quick Setup'!$M35,if(CO5='Quick Setup'!$N$33,'Quick Setup'!$N35,if(CO5='Quick Setup'!$O$33,'Quick Setup'!$O35,if(CO5='Quick Setup'!$P$33,'Quick Setup'!$P35,if(CO5='Quick Setup'!$Q$33,'Quick Setup'!$Q35,if(CO5='Quick Setup'!$R$33,'Quick Setup'!$R35,if(CO5='Quick Setup'!$S$33,'Quick Setup'!$S35,if(CO5='Quick Setup'!$T$33,'Quick Setup'!$T35,if(CO5='Quick Setup'!$U$33,'Quick Setup'!$U35,if(CO5='Quick Setup'!$V$33,'Quick Setup'!$V35,'2x'!DJ6)))))))))))))))))))) -> 7 | CQ5: =if(CO5='Quick Setup'!$C$47,'Quick Setup'!$C49,if(CO5='Quick Setup'!$D$47,'Quick Setup'!$D49,if(CO5='Quick Setup'!$E$47,'Quick Setup'!$E49,if(CO5='Quick Setup'!$F$47,'Quick Setup'!$F49,if(CO5='Quick Setup'!$G$47,'Quick Setup'!$G49,if(CO5='Quick Setup'!$H$47,'Quick Setup'!$H49,if(CO5='Quick Setup'!$I$47,'Quick Setup'!$I49,if(CO5='Quick Setup'!$J$47,'Quick Setup'!$J49,if(CO5='Quick Setup'!$K$47,'Quick Setup'!$K49,if(CO5='Quick Setup'!$L$47,'Quick Setup'!$L49,if(CO5='Quick Setup'!$M$47,'Quick Setup'!$M49,if(CO5='Quick Setup'!$N$47,'Quick Setup'!$N49,if(CO5='Quick Setup'!$O$47,'Quick Setup'!$O49,if(CO5='Quick Setup'!$P$47,'Quick Setup'!$P49,if(CO5='Quick Setup'!$Q$47,'Quick Setup'!$Q49,if(CO5='Quick Setup'!$R$47,'Quick Setup'!$R49,if(CO5='Quick Setup'!$S$47,'Quick Setup'!$S49,if(CO5='Quick Setup'!$T$47,'Quick Setup'!$T49,if(CO5='Quick Setup'!$U$47,'Quick Setup'!$U49,if(CO5='Quick Setup'!$V$47,'Quick Setup'!$V49,if(CO5='Quick Setup'!$W$47,'Quick Setup'!$W49))))))))))))))))))))) -> 4 | CR5: =CK5 -> 4 | CS5: =CL5 -> 6 | CT5: =CM5 -> 0.02 | CU5: =CN5 -> -0.05 | CV5: ='Quick Setup'!Q62 -> 0.8 | CW5: =if(CV5='Quick Setup'!$C$33,'Quick Setup'!$C35,if(CV5='Quick Setup'!$D$33,'Quick Setup'!$D35,if(CV5='Quick Setup'!$E$33,'Quick Setup'!$E35,if(CV5='Quick Setup'!$F$33,'Quick Setup'!$F35,if(CV5='Quick Setup'!$G$33,'Quick Setup'!$G35,if(CV5='Quick Setup'!$H$33,'Quick Setup'!$H35,if(CV5='Quick Setup'!$I$33,'Quick Setup'!$I35,if(CV5='Quick Setup'!$J$33,'Quick Setup'!$J35,if(CV5='Quick Setup'!$K$33,'Quick Setup'!$K35,if(CV5='Quick Setup'!$L$33,'Quick Setup'!$L35,if(CV5='Quick Setup'!$M$33,'Quick Setup'!$M35,if(CV5='Quick Setup'!$N$33,'Quick Setup'!$N35,if(CV5='Quick Setup'!$O$33,'Quick Setup'!$O35,if(CV5='Quick Setup'!$P$33,'Quick Setup'!$P35,if(CV5='Quick Setup'!$Q$33,'Quick Setup'!$Q35,if(CV5='Quick Setup'!$R$33,'Quick Setup'!$R35,if(CV5='Quick Setup'!$S$33,'Quick Setup'!$S35,if(CV5='Quick Setup'!$T$33,'Quick Setup'!$T35,if(CV5='Quick Setup'!$U$33,'Quick Setup'!$U35,if(CV5='Quick Setup'!$V$33,'Quick Setup'!$V35,'2x'!DQ6)))))))))))))))))))) -> 3 | CX5: =if(CV5='Quick Setup'!$C$47,'Quick Setup'!$C49,if(CV5='Quick Setup'!$D$47,'Quick Setup'!$D49,if(CV5='Quick Setup'!$E$47,'Quick Setup'!$E49,if(CV5='Quick Setup'!$F$47,'Quick Setup'!$F49,if(CV5='Quick Setup'!$G$47,'Quick Setup'!$G49,if(CV5='Quick Setup'!$H$47,'Quick Setup'!$H49,if(CV5='Quick Setup'!$I$47,'Quick Setup'!$I49,if(CV5='Quick Setup'!$J$47,'Quick Setup'!$J49,if(CV5='Quick Setup'!$K$47,'Quick Setup'!$K49,if(CV5='Quick Setup'!$L$47,'Quick Setup'!$L49,if(CV5='Quick Setup'!$M$47,'Quick Setup'!$M49,if(CV5='Quick Setup'!$N$47,'Quick Setup'!$N49,if(CV5='Quick Setup'!$O$47,'Quick Setup'!$O49,if(CV5='Quick Setup'!$P$47,'Quick Setup'!$P49,if(CV5='Quick Setup'!$Q$47,'Quick Setup'!$Q49,if(CV5='Quick Setup'!$R$47,'Quick Setup'!$R49,if(CV5='Quick Setup'!$S$47,'Quick Setup'!$S49,if(CV5='Quick Setup'!$T$47,'Quick Setup'!$T49,if(CV5='Quick Setup'!$U$47,'Quick Setup'!$U49,if(CV5='Quick Setup'!$V$47,'Quick Setup'!$V49,if(CV5='Quick Setup'!$W$47,'Quick Setup'!$W49))))))))))))))))))))) -> 2 | CY5: =CR5 -> 4 | CZ5: =CS5 -> 6 | DA5: =CT5 -> 0.02 | DB5: =CU5 -> -0.05 | DC5: ='Quick Setup'!R62 -> 0.85 | DD5: =if(DC5='Quick Setup'!$C$33,'Quick Setup'!$C35,if(DC5='Quick Setup'!$D$33,'Quick Setup'!$D35,if(DC5='Quick Setup'!$E$33,'Quick Setup'!$E35,if(DC5='Quick Setup'!$F$33,'Quick Setup'!$F35,if(DC5='Quick Setup'!$G$33,'Quick Setup'!$G35,if(DC5='Quick Setup'!$H$33,'Quick Setup'!$H35,if(DC5='Quick Setup'!$I$33,'Quick Setup'!$I35,if(DC5='Quick Setup'!$J$33,'Quick Setup'!$J35,if(DC5='Quick Setup'!$K$33,'Quick Setup'!$K35,if(DC5='Quick Setup'!$L$33,'Quick Setup'!$L35,if(DC5='Quick Setup'!$M$33,'Quick Setup'!$M35,if(DC5='Quick Setup'!$N$33,'Quick Setup'!$N35,if(DC5='Quick Setup'!$O$33,'Quick Setup'!$O35,if(DC5='Quick Setup'!$P$33,'Quick Setup'!$P35,if(DC5='Quick Setup'!$Q$33,'Quick Setup'!$Q35,if(DC5='Quick Setup'!$R$33,'Quick Setup'!$R35,if(DC5='Quick Setup'!$S$33,'Quick Setup'!$S35,if(DC5='Quick Setup'!$T$33,'Quick Setup'!$T35,if(DC5='Quick Setup'!$U$33,'Quick Setup'!$U35,if(DC5='Quick Setup'!$V$33,'Quick Setup'!$V35,'2x'!DX6)))))))))))))))))))) -> 2 | DE5: =if(DC5='Quick Setup'!$C$47,'Quick Setup'!$C49,if(DC5='Quick Setup'!$D$47,'Quick Setup'!$D49,if(DC5='Quick Setup'!$E$47,'Quick Setup'!$E49,if(DC5='Quick Setup'!$F$47,'Quick Setup'!$F49,if(DC5='Quick Setup'!$G$47,'Quick Setup'!$G49,if(DC5='Quick Setup'!$H$47,'Quick Setup'!$H49,if(DC5='Quick Setup'!$I$47,'Quick Setup'!$I49,if(DC5='Quick Setup'!$J$47,'Quick Setup'!$J49,if(DC5='Quick Setup'!$K$47,'Quick Setup'!$K49,if(DC5='Quick Setup'!$L$47,'Quick Setup'!$L49,if(DC5='Quick Setup'!$M$47,'Quick Setup'!$M49,if(DC5='Quick Setup'!$N$47,'Quick Setup'!$N49,if(DC5='Quick Setup'!$O$47,'Quick Setup'!$O49,if(DC5='Quick Setup'!$P$47,'Quick Setup'!$P49,if(DC5='Quick Setup'!$Q$47,'Quick Setup'!$Q49,if(DC5='Quick Setup'!$R$47,'Quick Setup'!$R49,if(DC5='Quick Setup'!$S$47,'Quick Setup'!$S49,if(DC5='Quick Setup'!$T$47,'Quick Setup'!$T49,if(DC5='Quick Setup'!$U$47,'Quick Setup'!$U49,if(DC5='Quick Setup'!$V$47,'Quick Setup'!$V49,if(DC5='Quick Setup'!$W$47,'Quick Setup'!$W49))))))))))))))))))))) -> 2 | DF5: =CY5 -> 4 | DG5: =CZ5 -> 6 | DH5: =DA5 -> 0.02 | DI5: =DB5 -> -0.05 | DJ5: ='Quick Setup'!S62 -> 0.9 | DK5: =if(DJ5='Quick Setup'!$C$33,'Quick Setup'!$C35,if(DJ5='Quick Setup'!$D$33,'Quick Setup'!$D35,if(DJ5='Quick Setup'!$E$33,'Quick Setup'!$E35,if(DJ5='Quick Setup'!$F$33,'Quick Setup'!$F35,if(DJ5='Quick Setup'!$G$33,'Quick Setup'!$G35,if(DJ5='Quick Setup'!$H$33,'Quick Setup'!$H35,if(DJ5='Quick Setup'!$I$33,'Quick Setup'!$I35,if(DJ5='Quick Setup'!$J$33,'Quick Setup'!$J35,if(DJ5='Quick Setup'!$K$33,'Quick Setup'!$K35,if(DJ5='Quick Setup'!$L$33,'Quick Setup'!$L35,if(DJ5='Quick Setup'!$M$33,'Quick Setup'!$M35,if(DJ5='Quick Setup'!$N$33,'Quick Setup'!$N35,if(DJ5='Quick Setup'!$O$33,'Quick Setup'!$O35,if(DJ5='Quick Setup'!$P$33,'Quick Setup'!$P35,if(DJ5='Quick Setup'!$Q$33,'Quick Setup'!$Q35,if(DJ5='Quick Setup'!$R$33,'Quick Setup'!$R35,if(DJ5='Quick Setup'!$S$33,'Quick Setup'!$S35,if(DJ5='Quick Setup'!$T$33,'Quick Setup'!$T35,if(DJ5='Quick Setup'!$U$33,'Quick Setup'!$U35,if(DJ5='Quick Setup'!$V$33,'Quick Setup'!$V35,'2x'!EE6)))))))))))))))))))) -> 1 | DL5: =if(DJ5='Quick Setup'!$C$47,'Quick Setup'!$C49,if(DJ5='Quick Setup'!$D$47,'Quick Setup'!$D49,if(DJ5='Quick Setup'!$E$47,'Quick Setup'!$E49,if(DJ5='Quick Setup'!$F$47,'Quick Setup'!$F49,if(DJ5='Quick Setup'!$G$47,'Quick Setup'!$G49,if(DJ5='Quick Setup'!$H$47,'Quick Setup'!$H49,if(DJ5='Quick Setup'!$I$47,'Quick Setup'!$I49,if(DJ5='Quick Setup'!$J$47,'Quick Setup'!$J49,if(DJ5='Quick Setup'!$K$47,'Quick Setup'!$K49,if(DJ5='Quick Setup'!$L$47,'Quick Setup'!$L49,if(DJ5='Quick Setup'!$M$47,'Quick Setup'!$M49,if(DJ5='Quick Setup'!$N$47,'Quick Setup'!$N49,if(DJ5='Quick Setup'!$O$47,'Quick Setup'!$O49,if(DJ5='Quick Setup'!$P$47,'Quick Setup'!$P49,if(DJ5='Quick Setup'!$Q$47,'Quick Setup'!$Q49,if(DJ5='Quick Setup'!$R$47,'Quick Setup'!$R49,if(DJ5='Quick Setup'!$S$47,'Quick Setup'!$S49,if(DJ5='Quick Setup'!$T$47,'Quick Setup'!$T49,if(DJ5='Quick Setup'!$U$47,'Quick Setup'!$U49,if(DJ5='Quick Setup'!$V$47,'Quick Setup'!$V49,if(DJ5='Quick Setup'!$W$47,'Quick Setup'!$W49))))))))))))))))))))) -> 1 | DM5: =DF5 -> 4 | DN5: =DG5 -> 6 | DO5: =DH5 -> 0.02 | DP5: =DI5 -> -0.05 | DQ5: ='Quick Setup'!T62 -> 0.85 | DR5: =if(DQ5='Quick Setup'!$C$33,'Quick Setup'!$C35,if(DQ5='Quick Setup'!$D$33,'Quick Setup'!$D35,if(DQ5='Quick Setup'!$E$33,'Quick Setup'!$E35,if(DQ5='Quick Setup'!$F$33,'Quick Setup'!$F35,if(DQ5='Quick Setup'!$G$33,'Quick Setup'!$G35,if(DQ5='Quick Setup'!$H$33,'Quick Setup'!$H35,if(DQ5='Quick Setup'!$I$33,'Quick Setup'!$I35,if(DQ5='Quick Setup'!$J$33,'Quick Setup'!$J35,if(DQ5='Quick Setup'!$K$33,'Quick Setup'!$K35,if(DQ5='Quick Setup'!$L$33,'Quick Setup'!$L35,if(DQ5='Quick Setup'!$M$33,'Quick Setup'!$M35,if(DQ5='Quick Setup'!$N$33,'Quick Setup'!$N35,if(DQ5='Quick Setup'!$O$33,'Quick Setup'!$O35,if(DQ5='Quick Setup'!$P$33,'Quick Setup'!$P35,if(DQ5='Quick Setup'!$Q$33,'Quick Setup'!$Q35,if(DQ5='Quick Setup'!$R$33,'Quick Setup'!$R35,if(DQ5='Quick Setup'!$S$33,'Quick Setup'!$S35,if(DQ5='Quick Setup'!$T$33,'Quick Setup'!$T35,if(DQ5='Quick Setup'!$U$33,'Quick Setup'!$U35,if(DQ5='Quick Setup'!$V$33,'Quick Setup'!$V35,'2x'!EL6)))))))))))))))))))) -> 2 | DS5: =if(DQ5='Quick Setup'!$C$47,'Quick Setup'!$C49,if(DQ5='Quick Setup'!$D$47,'Quick Setup'!$D49,if(DQ5='Quick Setup'!$E$47,'Quick Setup'!$E49,if(DQ5='Quick Setup'!$F$47,'Quick Setup'!$F49,if(DQ5='Quick Setup'!$G$47,'Quick Setup'!$G49,if(DQ5='Quick Setup'!$H$47,'Quick Setup'!$H49,if(DQ5='Quick Setup'!$I$47,'Quick Setup'!$I49,if(DQ5='Quick Setup'!$J$47,'Quick Setup'!$J49,if(DQ5='Quick Setup'!$K$47,'Quick Setup'!$K49,if(DQ5='Quick Setup'!$L$47,'Quick Setup'!$L49,if(DQ5='Quick Setup'!$M$47,'Quick Setup'!$M49,if(DQ5='Quick Setup'!$N$47,'Quick Setup'!$N49,if(DQ5='Quick Setup'!$O$47,'Quick Setup'!$O49,if(DQ5='Quick Setup'!$P$47,'Quick Setup'!$P49,if(DQ5='Quick Setup'!$Q$47,'Quick Setup'!$Q49,if(DQ5='Quick Setup'!$R$47,'Quick Setup'!$R49,if(DQ5='Quick Setup'!$S$47,'Quick Setup'!$S49,if(DQ5='Quick Setup'!$T$47,'Quick Setup'!$T49,if(DQ5='Quick Setup'!$U$47,'Quick Setup'!$U49,if(DQ5='Quick Setup'!$V$47,'Quick Setup'!$V49,if(DQ5='Quick Setup'!$W$47,'Quick Setup'!$W49))))))))))))))))))))) -> 2 | DT5: =DM5 -> 4 | DU5: =DN5 -> 6 | DV5: =DO5 -> 0.02 | DW5: =DP5 -> -0.05 | DX5: ='Quick Setup'!U62 -> 0.9 | DY5: =if(DX5='Quick Setup'!$C$33,'Quick Setup'!$C35,if(DX5='Quick Setup'!$D$33,'Quick Setup'!$D35,if(DX5='Quick Setup'!$E$33,'Quick Setup'!$E35,if(DX5='Quick Setup'!$F$33,'Quick Setup'!$F35,if(DX5='Quick Setup'!$G$33,'Quick Setup'!$G35,if(DX5='Quick Setup'!$H$33,'Quick Setup'!$H35,if(DX5='Quick Setup'!$I$33,'Quick Setup'!$I35,if(DX5='Quick Setup'!$J$33,'Quick Setup'!$J35,if(DX5='Quick Setup'!$K$33,'Quick Setup'!$K35,if(DX5='Quick Setup'!$L$33,'Quick Setup'!$L35,if(DX5='Quick Setup'!$M$33,'Quick Setup'!$M35,if(DX5='Quick Setup'!$N$33,'Quick Setup'!$N35,if(DX5='Quick Setup'!$O$33,'Quick Setup'!$O35,if(DX5='Quick Setup'!$P$33,'Quick Setup'!$P35,if(DX5='Quick Setup'!$Q$33,'Quick Setup'!$Q35,if(DX5='Quick Setup'!$R$33,'Quick Setup'!$R35,if(DX5='Quick Setup'!$S$33,'Quick Setup'!$S35,if(DX5='Quick Setup'!$T$33,'Quick Setup'!$T35,if(DX5='Quick Setup'!$U$33,'Quick Setup'!$U35,if(DX5='Quick Setup'!$V$33,'Quick Setup'!$V35,'2x'!ES6)))))))))))))))))))) -> 1 | DZ5: =if(DX5='Quick Setup'!$C$47,'Quick Setup'!$C49,if(DX5='Quick Setup'!$D$47,'Quick Setup'!$D49,if(DX5='Quick Setup'!$E$47,'Quick Setup'!$E49,if(DX5='Quick Setup'!$F$47,'Quick Setup'!$F49,if(DX5='Quick Setup'!$G$47,'Quick Setup'!$G49,if(DX5='Quick Setup'!$H$47,'Quick Setup'!$H49,if(DX5='Quick Setup'!$I$47,'Quick Setup'!$I49,if(DX5='Quick Setup'!$J$47,'Quick Setup'!$J49,if(DX5='Quick Setup'!$K$47,'Quick Setup'!$K49,if(DX5='Quick Setup'!$L$47,'Quick Setup'!$L49,if(DX5='Quick Setup'!$M$47,'Quick Setup'!$M49,if(DX5='Quick Setup'!$N$47,'Quick Setup'!$N49,if(DX5='Quick Setup'!$O$47,'Quick Setup'!$O49,if(DX5='Quick Setup'!$P$47,'Quick Setup'!$P49,if(DX5='Quick Setup'!$Q$47,'Quick Setup'!$Q49,if(DX5='Quick Setup'!$R$47,'Quick Setup'!$R49,if(DX5='Quick Setup'!$S$47,'Quick Setup'!$S49,if(DX5='Quick Setup'!$T$47,'Quick Setup'!$T49,if(DX5='Quick Setup'!$U$47,'Quick Setup'!$U49,if(DX5='Quick Setup'!$V$47,'Quick Setup'!$V49,if(DX5='Quick Setup'!$W$47,'Quick Setup'!$W49))))))))))))))))))))) -> 1 | EA5: =DT5 -> 4 | EB5: =DU5 -> 6 | EC5: =DV5 -> 0.02 | ED5: =DW5 -> -0.05 | EE5: ='Quick Setup'!V62 -> 0.95 | EF5: =if(EE5='Quick Setup'!$C$33,'Quick Setup'!$C35,if(EE5='Quick Setup'!$D$33,'Quick Setup'!$D35,if(EE5='Quick Setup'!$E$33,'Quick Setup'!$E35,if(EE5='Quick Setup'!$F$33,'Quick Setup'!$F35,if(EE5='Quick Setup'!$G$33,'Quick Setup'!$G35,if(EE5='Quick Setup'!$H$33,'Quick Setup'!$H35,if(EE5='Quick Setup'!$I$33,'Quick Setup'!$I35,if(EE5='Quick Setup'!$J$33,'Quick Setup'!$J35,if(EE5='Quick Setup'!$K$33,'Quick Setup'!$K35,if(EE5='Quick Setup'!$L$33,'Quick Setup'!$L35,if(EE5='Quick Setup'!$M$33,'Quick Setup'!$M35,if(EE5='Quick Setup'!$N$33,'Quick Setup'!$N35,if(EE5='Quick Setup'!$O$33,'Quick Setup'!$O35,if(EE5='Quick Setup'!$P$33,'Quick Setup'!$P35,if(EE5='Quick Setup'!$Q$33,'Quick Setup'!$Q35,if(EE5='Quick Setup'!$R$33,'Quick Setup'!$R35,if(EE5='Quick Setup'!$S$33,'Quick Setup'!$S35,if(EE5='Quick Setup'!$T$33,'Quick Setup'!$T35,if(EE5='Quick Setup'!$U$33,'Quick Setup'!$U35,if(EE5='Quick Setup'!$V$33,'Quick Setup'!$V35,'2x'!EZ6)))))))))))))))))))) -> 1 | EG5: =if(EE5='Quick Setup'!$C$47,'Quick Setup'!$C49,if(EE5='Quick Setup'!$D$47,'Quick Setup'!$D49,if(EE5='Quick Setup'!$E$47,'Quick Setup'!$E49,if(EE5='Quick Setup'!$F$47,'Quick Setup'!$F49,if(EE5='Quick Setup'!$G$47,'Quick Setup'!$G49,if(EE5='Quick Setup'!$H$47,'Quick Setup'!$H49,if(EE5='Quick Setup'!$I$47,'Quick Setup'!$I49,if(EE5='Quick Setup'!$J$47,'Quick Setup'!$J49,if(EE5='Quick Setup'!$K$47,'Quick Setup'!$K49,if(EE5='Quick Setup'!$L$47,'Quick Setup'!$L49,if(EE5='Quick Setup'!$M$47,'Quick Setup'!$M49,if(EE5='Quick Setup'!$N$47,'Quick Setup'!$N49,if(EE5='Quick Setup'!$O$47,'Quick Setup'!$O49,if(EE5='Quick Setup'!$P$47,'Quick Setup'!$P49,if(EE5='Quick Setup'!$Q$47,'Quick Setup'!$Q49,if(EE5='Quick Setup'!$R$47,'Quick Setup'!$R49,if(EE5='Quick Setup'!$S$47,'Quick Setup'!$S49,if(EE5='Quick Setup'!$T$47,'Quick Setup'!$T49,if(EE5='Quick Setup'!$U$47,'Quick Setup'!$U49,if(EE5='Quick Setup'!$V$47,'Quick Setup'!$V49,if(EE5='Quick Setup'!$W$47,'Quick Setup'!$W49))))))))))))))))))))) -> 1 | EH5: =EA5 -> 4 | EI5: =EB5 -> 6 | EJ5: =EC5 -> 0.02 | EK5: =ED5 -> -0.05 | EL5: ='Quick Setup'!W62 -> 0.6 | EM5: =if(EL5='Quick Setup'!$C$33,'Quick Setup'!$C35,if(EL5='Quick Setup'!$D$33,'Quick Setup'!$D35,if(EL5='Quick Setup'!$E$33,'Quick Setup'!$E35,if(EL5='Quick Setup'!$F$33,'Quick Setup'!$F35,if(EL5='Quick Setup'!$G$33,'Quick Setup'!$G35,if(EL5='Quick Setup'!$H$33,'Quick Setup'!$H35,if(EL5='Quick Setup'!$I$33,'Quick Setup'!$I35,if(EL5='Quick Setup'!$J$33,'Quick Setup'!$J35,if(EL5='Quick Setup'!$K$33,'Quick Setup'!$K35,if(EL5='Quick Setup'!$L$33,'Quick Setup'!$L35,if(EL5='Quick Setup'!$M$33,'Quick Setup'!$M35,if(EL5='Quick Setup'!$N$33,'Quick Setup'!$N35,if(EL5='Quick Setup'!$O$33,'Quick Setup'!$O35,if(EL5='Quick Setup'!$P$33,'Quick Setup'!$P35,if(EL5='Quick Setup'!$Q$33,'Quick Setup'!$Q35,if(EL5='Quick Setup'!$R$33,'Quick Setup'!$R35,if(EL5='Quick Setup'!$S$33,'Quick Setup'!$S35,if(EL5='Quick Setup'!$T$33,'Quick Setup'!$T35,if(EL5='Quick Setup'!$U$33,'Quick Setup'!$U35,if(EL5='Quick Setup'!$V$33,'Quick Setup'!$V35,'2x'!FG6)))))))))))))))))))) -> 7 | EN5: =if(EL5='Quick Setup'!$C$47,'Quick Setup'!$C49,if(EL5='Quick Setup'!$D$47,'Quick Setup'!$D49,if(EL5='Quick Setup'!$E$47,'Quick Setup'!$E49,if(EL5='Quick Setup'!$F$47,'Quick Setup'!$F49,if(EL5='Quick Setup'!$G$47,'Quick Setup'!$G49,if(EL5='Quick Setup'!$H$47,'Quick Setup'!$H49,if(EL5='Quick Setup'!$I$47,'Quick Setup'!$I49,if(EL5='Quick Setup'!$J$47,'Quick Setup'!$J49,if(EL5='Quick Setup'!$K$47,'Quick Setup'!$K49,if(EL5='Quick Setup'!$L$47,'Quick Setup'!$L49,if(EL5='Quick Setup'!$M$47,'Quick Setup'!$M49,if(EL5='Quick Setup'!$N$47,'Quick Setup'!$N49,if(EL5='Quick Setup'!$O$47,'Quick Setup'!$O49,if(EL5='Quick Setup'!$P$47,'Quick Setup'!$P49,if(EL5='Quick Setup'!$Q$47,'Quick Setup'!$Q49,if(EL5='Quick Setup'!$R$47,'Quick Setup'!$R49,if(EL5='Quick Setup'!$S$47,'Quick Setup'!$S49,if(EL5='Quick Setup'!$T$47,'Quick Setup'!$T49,if(EL5='Quick Setup'!$U$47,'Quick Setup'!$U49,if(EL5='Quick Setup'!$V$47,'Quick Setup'!$V49,if(EL5='Quick Setup'!$W$47,'Quick Setup'!$W49))))))))))))))))))))) -> 4 | EO5: =EH5 -> 4 | EP5: =EI5 -> 6 | EQ5: =EJ5 -> 0.02 | ER5: =EK5 -> -0.05
A6: ='Quick Setup'!C7 -> Deadlift | B6: ='Quick Setup'!C63 -> 0.7 | C6: =if(B6='Quick Setup'!$C$33,'Quick Setup'!$C36,if(B6='Quick Setup'!$D$33,'Quick Setup'!$D36,if(B6='Quick Setup'!$E$33,'Quick Setup'!$E36,if(B6='Quick Setup'!$F$33,'Quick Setup'!$F36,if(B6='Quick Setup'!$G$33,'Quick Setup'!$G36,if(B6='Quick Setup'!$H$33,'Quick Setup'!$H36,if(B6='Quick Setup'!$I$33,'Quick Setup'!$I36,if(B6='Quick Setup'!$J$33,'Quick Setup'!$J36,if(B6='Quick Setup'!$K$33,'Quick Setup'!$K36,if(B6='Quick Setup'!$L$33,'Quick Setup'!$L36,if(B6='Quick Setup'!$M$33,'Quick Setup'!$M36,if(B6='Quick Setup'!$N$33,'Quick Setup'!$N36,if(B6='Quick Setup'!$O$33,'Quick Setup'!$O36,if(B6='Quick Setup'!$P$33,'Quick Setup'!$P36,if(B6='Quick Setup'!$Q$33,'Quick Setup'!$Q36,if(B6='Quick Setup'!$R$33,'Quick Setup'!$R36,if(B6='Quick Setup'!$S$33,'Quick Setup'!$S36,if(B6='Quick Setup'!$T$33,'Quick Setup'!$T36,if(B6='Quick Setup'!$U$33,'Quick Setup'!$U36,if(B6='Quick Setup'!$V$33,'Quick Setup'!$V36,'Quick Setup'!W36)))))))))))))))))))) -> 5 | D6: =if(B6='Quick Setup'!$C$47,'Quick Setup'!$C50,if(B6='Quick Setup'!$D$47,'Quick Setup'!$D50,if(B6='Quick Setup'!$E$47,'Quick Setup'!$E50,if(B6='Quick Setup'!$F$47,'Quick Setup'!$F50,if(B6='Quick Setup'!$G$47,'Quick Setup'!$G50,if(B6='Quick Setup'!$H$47,'Quick Setup'!$H50,if(B6='Quick Setup'!$I$47,'Quick Setup'!$I50,if(B6='Quick Setup'!$J$47,'Quick Setup'!$J50,if(B6='Quick Setup'!$K$47,'Quick Setup'!$K50,if(B6='Quick Setup'!$L$47,'Quick Setup'!$L50,if(B6='Quick Setup'!$M$47,'Quick Setup'!$M50,if(B6='Quick Setup'!$N$47,'Quick Setup'!$N50,if(B6='Quick Setup'!$O$47,'Quick Setup'!$O50,if(B6='Quick Setup'!$P$47,'Quick Setup'!$P50,if(B6='Quick Setup'!$Q$47,'Quick Setup'!$Q50,if(B6='Quick Setup'!$R$47,'Quick Setup'!$R50,if(B6='Quick Setup'!$S$47,'Quick Setup'!$S50,if(B6='Quick Setup'!$T$47,'Quick Setup'!$T50,if(B6='Quick Setup'!$U$47,'Quick Setup'!$U50,if(B6='Quick Setup'!$V$47,'Quick Setup'!$V50,if(B6='Quick Setup'!$W$47,'Quick Setup'!$W50))))))))))))))))))))) -> 3 | E6: ='Quick Setup'!H8 -> 4 | F6: ='Quick Setup'!I8 -> 6 | G6: ='Quick Setup'!J8 -> 0.02 | H6: ='Quick Setup'!K8 -> -0.05 | I6: ='Quick Setup'!D63 -> 0.75 | J6: =if(I6='Quick Setup'!$C$33,'Quick Setup'!$C36,if(I6='Quick Setup'!$D$33,'Quick Setup'!$D36,if(I6='Quick Setup'!$E$33,'Quick Setup'!$E36,if(I6='Quick Setup'!$F$33,'Quick Setup'!$F36,if(I6='Quick Setup'!$G$33,'Quick Setup'!$G36,if(I6='Quick Setup'!$H$33,'Quick Setup'!$H36,if(I6='Quick Setup'!$I$33,'Quick Setup'!$I36,if(I6='Quick Setup'!$J$33,'Quick Setup'!$J36,if(I6='Quick Setup'!$K$33,'Quick Setup'!$K36,if(I6='Quick Setup'!$L$33,'Quick Setup'!$L36,if(I6='Quick Setup'!$M$33,'Quick Setup'!$M36,if(I6='Quick Setup'!$N$33,'Quick Setup'!$N36,if(I6='Quick Setup'!$O$33,'Quick Setup'!$O36,if(I6='Quick Setup'!$P$33,'Quick Setup'!$P36,if(I6='Quick Setup'!$Q$33,'Quick Setup'!$Q36,if(I6='Quick Setup'!$R$33,'Quick Setup'!$R36,if(I6='Quick Setup'!$S$33,'Quick Setup'!$S36,if(I6='Quick Setup'!$T$33,'Quick Setup'!$T36,if(I6='Quick Setup'!$U$33,'Quick Setup'!$U36,if(I6='Quick Setup'!$V$33,'Quick Setup'!$V36,'2x'!AD7)))))))))))))))))))) -> 4 | K6: =if(I6='Quick Setup'!$C$47,'Quick Setup'!$C50,if(I6='Quick Setup'!$D$47,'Quick Setup'!$D50,if(I6='Quick Setup'!$E$47,'Quick Setup'!$E50,if(I6='Quick Setup'!$F$47,'Quick Setup'!$F50,if(I6='Quick Setup'!$G$47,'Quick Setup'!$G50,if(I6='Quick Setup'!$H$47,'Quick Setup'!$H50,if(I6='Quick Setup'!$I$47,'Quick Setup'!$I50,if(I6='Quick Setup'!$J$47,'Quick Setup'!$J50,if(I6='Quick Setup'!$K$47,'Quick Setup'!$K50,if(I6='Quick Setup'!$L$47,'Quick Setup'!$L50,if(I6='Quick Setup'!$M$47,'Quick Setup'!$M50,if(I6='Quick Setup'!$N$47,'Quick Setup'!$N50,if(I6='Quick Setup'!$O$47,'Quick Setup'!$O50,if(I6='Quick Setup'!$P$47,'Quick Setup'!$P50,if(I6='Quick Setup'!$Q$47,'Quick Setup'!$Q50,if(I6='Quick Setup'!$R$47,'Quick Setup'!$R50,if(I6='Quick Setup'!$S$47,'Quick Setup'!$S50,if(I6='Quick Setup'!$T$47,'Quick Setup'!$T50,if(I6='Quick Setup'!$U$47,'Quick Setup'!$U50,if(I6='Quick Setup'!$V$47,'Quick Setup'!$V50,if(I6='Quick Setup'!$W$47,'Quick Setup'!$W50))))))))))))))))))))) -> 3 | L6: =E6 -> 4 | M6: =F6 -> 6 | N6: =G6 -> 0.02 | O6: =H6 -> -0.05 | P6: ='Quick Setup'!E63 -> 0.8 | Q6: =if(P6='Quick Setup'!$C$33,'Quick Setup'!$C36,if(P6='Quick Setup'!$D$33,'Quick Setup'!$D36,if(P6='Quick Setup'!$E$33,'Quick Setup'!$E36,if(P6='Quick Setup'!$F$33,'Quick Setup'!$F36,if(P6='Quick Setup'!$G$33,'Quick Setup'!$G36,if(P6='Quick Setup'!$H$33,'Quick Setup'!$H36,if(P6='Quick Setup'!$I$33,'Quick Setup'!$I36,if(P6='Quick Setup'!$J$33,'Quick Setup'!$J36,if(P6='Quick Setup'!$K$33,'Quick Setup'!$K36,if(P6='Quick Setup'!$L$33,'Quick Setup'!$L36,if(P6='Quick Setup'!$M$33,'Quick Setup'!$M36,if(P6='Quick Setup'!$N$33,'Quick Setup'!$N36,if(P6='Quick Setup'!$O$33,'Quick Setup'!$O36,if(P6='Quick Setup'!$P$33,'Quick Setup'!$P36,if(P6='Quick Setup'!$Q$33,'Quick Setup'!$Q36,if(P6='Quick Setup'!$R$33,'Quick Setup'!$R36,if(P6='Quick Setup'!$S$33,'Quick Setup'!$S36,if(P6='Quick Setup'!$T$33,'Quick Setup'!$T36,if(P6='Quick Setup'!$U$33,'Quick Setup'!$U36,if(P6='Quick Setup'!$V$33,'Quick Setup'!$V36,'2x'!AK7)))))))))))))))))))) -> 3 | R6: =if(P6='Quick Setup'!$C$47,'Quick Setup'!$C50,if(P6='Quick Setup'!$D$47,'Quick Setup'!$D50,if(P6='Quick Setup'!$E$47,'Quick Setup'!$E50,if(P6='Quick Setup'!$F$47,'Quick Setup'!$F50,if(P6='Quick Setup'!$G$47,'Quick Setup'!$G50,if(P6='Quick Setup'!$H$47,'Quick Setup'!$H50,if(P6='Quick Setup'!$I$47,'Quick Setup'!$I50,if(P6='Quick Setup'!$J$47,'Quick Setup'!$J50,if(P6='Quick Setup'!$K$47,'Quick Setup'!$K50,if(P6='Quick Setup'!$L$47,'Quick Setup'!$L50,if(P6='Quick Setup'!$M$47,'Quick Setup'!$M50,if(P6='Quick Setup'!$N$47,'Quick Setup'!$N50,if(P6='Quick Setup'!$O$47,'Quick Setup'!$O50,if(P6='Quick Setup'!$P$47,'Quick Setup'!$P50,if(P6='Quick Setup'!$Q$47,'Quick Setup'!$Q50,if(P6='Quick Setup'!$R$47,'Quick Setup'!$R50,if(P6='Quick Setup'!$S$47,'Quick Setup'!$S50,if(P6='Quick Setup'!$T$47,'Quick Setup'!$T50,if(P6='Quick Setup'!$U$47,'Quick Setup'!$U50,if(P6='Quick Setup'!$V$47,'Quick Setup'!$V50,if(P6='Quick Setup'!$W$47,'Quick Setup'!$W50))))))))))))))))))))) -> 2 | S6: =L6 -> 4 | T6: =M6 -> 6 | U6: =N6 -> 0.02 | V6: =O6 -> -0.05 | W6: ='Quick Setup'!F63 -> 0.725 | X6: =if(W6='Quick Setup'!$C$33,'Quick Setup'!$C36,if(W6='Quick Setup'!$D$33,'Quick Setup'!$D36,if(W6='Quick Setup'!$E$33,'Quick Setup'!$E36,if(W6='Quick Setup'!$F$33,'Quick Setup'!$F36,if(W6='Quick Setup'!$G$33,'Quick Setup'!$G36,if(W6='Quick Setup'!$H$33,'Quick Setup'!$H36,if(W6='Quick Setup'!$I$33,'Quick Setup'!$I36,if(W6='Quick Setup'!$J$33,'Quick Setup'!$J36,if(W6='Quick Setup'!$K$33,'Quick Setup'!$K36,if(W6='Quick Setup'!$L$33,'Quick Setup'!$L36,if(W6='Quick Setup'!$M$33,'Quick Setup'!$M36,if(W6='Quick Setup'!$N$33,'Quick Setup'!$N36,if(W6='Quick Setup'!$O$33,'Quick Setup'!$O36,if(W6='Quick Setup'!$P$33,'Quick Setup'!$P36,if(W6='Quick Setup'!$Q$33,'Quick Setup'!$Q36,if(W6='Quick Setup'!$R$33,'Quick Setup'!$R36,if(W6='Quick Setup'!$S$33,'Quick Setup'!$S36,if(W6='Quick Setup'!$T$33,'Quick Setup'!$T36,if(W6='Quick Setup'!$U$33,'Quick Setup'!$U36,if(W6='Quick Setup'!$V$33,'Quick Setup'!$V36,'2x'!AR7)))))))))))))))))))) -> 5 | Y6: =if(W6='Quick Setup'!$C$47,'Quick Setup'!$C50,if(W6='Quick Setup'!$D$47,'Quick Setup'!$D50,if(W6='Quick Setup'!$E$47,'Quick Setup'!$E50,if(W6='Quick Setup'!$F$47,'Quick Setup'!$F50,if(W6='Quick Setup'!$G$47,'Quick Setup'!$G50,if(W6='Quick Setup'!$H$47,'Quick Setup'!$H50,if(W6='Quick Setup'!$I$47,'Quick Setup'!$I50,if(W6='Quick Setup'!$J$47,'Quick Setup'!$J50,if(W6='Quick Setup'!$K$47,'Quick Setup'!$K50,if(W6='Quick Setup'!$L$47,'Quick Setup'!$L50,if(W6='Quick Setup'!$M$47,'Quick Setup'!$M50,if(W6='Quick Setup'!$N$47,'Quick Setup'!$N50,if(W6='Quick Setup'!$O$47,'Quick Setup'!$O50,if(W6='Quick Setup'!$P$47,'Quick Setup'!$P50,if(W6='Quick Setup'!$Q$47,'Quick Setup'!$Q50,if(W6='Quick Setup'!$R$47,'Quick Setup'!$R50,if(W6='Quick Setup'!$S$47,'Quick Setup'!$S50,if(W6='Quick Setup'!$T$47,'Quick Setup'!$T50,if(W6='Quick Setup'!$U$47,'Quick Setup'!$U50,if(W6='Quick Setup'!$V$47,'Quick Setup'!$V50,if(W6='Quick Setup'!$W$47,'Quick Setup'!$W50))))))))))))))))))))) -> 3 | Z6: =S6 -> 4 | AA6: =T6 -> 6 | AB6: =U6 -> 0.02 | AC6: =V6 -> -0.05 | AD6: ='Quick Setup'!G63 -> 0.775 | AE6: =if(AD6='Quick Setup'!$C$33,'Quick Setup'!$C36,if(AD6='Quick Setup'!$D$33,'Quick Setup'!$D36,if(AD6='Quick Setup'!$E$33,'Quick Setup'!$E36,if(AD6='Quick Setup'!$F$33,'Quick Setup'!$F36,if(AD6='Quick Setup'!$G$33,'Quick Setup'!$G36,if(AD6='Quick Setup'!$H$33,'Quick Setup'!$H36,if(AD6='Quick Setup'!$I$33,'Quick Setup'!$I36,if(AD6='Quick Setup'!$J$33,'Quick Setup'!$J36,if(AD6='Quick Setup'!$K$33,'Quick Setup'!$K36,if(AD6='Quick Setup'!$L$33,'Quick Setup'!$L36,if(AD6='Quick Setup'!$M$33,'Quick Setup'!$M36,if(AD6='Quick Setup'!$N$33,'Quick Setup'!$N36,if(AD6='Quick Setup'!$O$33,'Quick Setup'!$O36,if(AD6='Quick Setup'!$P$33,'Quick Setup'!$P36,if(AD6='Quick Setup'!$Q$33,'Quick Setup'!$Q36,if(AD6='Quick Setup'!$R$33,'Quick Setup'!$R36,if(AD6='Quick Setup'!$S$33,'Quick Setup'!$S36,if(AD6='Quick Setup'!$T$33,'Quick Setup'!$T36,if(AD6='Quick Setup'!$U$33,'Quick Setup'!$U36,if(AD6='Quick Setup'!$V$33,'Quick Setup'!$V36,'2x'!AY7)))))))))))))))))))) -> 4 | AF6: =if(AD6='Quick Setup'!$C$47,'Quick Setup'!$C50,if(AD6='Quick Setup'!$D$47,'Quick Setup'!$D50,if(AD6='Quick Setup'!$E$47,'Quick Setup'!$E50,if(AD6='Quick Setup'!$F$47,'Quick Setup'!$F50,if(AD6='Quick Setup'!$G$47,'Quick Setup'!$G50,if(AD6='Quick Setup'!$H$47,'Quick Setup'!$H50,if(AD6='Quick Setup'!$I$47,'Quick Setup'!$I50,if(AD6='Quick Setup'!$J$47,'Quick Setup'!$J50,if(AD6='Quick Setup'!$K$47,'Quick Setup'!$K50,if(AD6='Quick Setup'!$L$47,'Quick Setup'!$L50,if(AD6='Quick Setup'!$M$47,'Quick Setup'!$M50,if(AD6='Quick Setup'!$N$47,'Quick Setup'!$N50,if(AD6='Quick Setup'!$O$47,'Quick Setup'!$O50,if(AD6='Quick Setup'!$P$47,'Quick Setup'!$P50,if(AD6='Quick Setup'!$Q$47,'Quick Setup'!$Q50,if(AD6='Quick Setup'!$R$47,'Quick Setup'!$R50,if(AD6='Quick Setup'!$S$47,'Quick Setup'!$S50,if(AD6='Quick Setup'!$T$47,'Quick Setup'!$T50,if(AD6='Quick Setup'!$U$47,'Quick Setup'!$U50,if(AD6='Quick Setup'!$V$47,'Quick Setup'!$V50,if(AD6='Quick Setup'!$W$47,'Quick Setup'!$W50))))))))))))))))))))) -> 3 | AG6: =Z6 -> 4 | AH6: =AA6 -> 6 | AI6: =AB6 -> 0.02 | AJ6: =AC6 -> -0.05 | AK6: ='Quick Setup'!H63 -> 0.825 | AL6: =if(AK6='Quick Setup'!$C$33,'Quick Setup'!$C36,if(AK6='Quick Setup'!$D$33,'Quick Setup'!$D36,if(AK6='Quick Setup'!$E$33,'Quick Setup'!$E36,if(AK6='Quick Setup'!$F$33,'Quick Setup'!$F36,if(AK6='Quick Setup'!$G$33,'Quick Setup'!$G36,if(AK6='Quick Setup'!$H$33,'Quick Setup'!$H36,if(AK6='Quick Setup'!$I$33,'Quick Setup'!$I36,if(AK6='Quick Setup'!$J$33,'Quick Setup'!$J36,if(AK6='Quick Setup'!$K$33,'Quick Setup'!$K36,if(AK6='Quick Setup'!$L$33,'Quick Setup'!$L36,if(AK6='Quick Setup'!$M$33,'Quick Setup'!$M36,if(AK6='Quick Setup'!$N$33,'Quick Setup'!$N36,if(AK6='Quick Setup'!$O$33,'Quick Setup'!$O36,if(AK6='Quick Setup'!$P$33,'Quick Setup'!$P36,if(AK6='Quick Setup'!$Q$33,'Quick Setup'!$Q36,if(AK6='Quick Setup'!$R$33,'Quick Setup'!$R36,if(AK6='Quick Setup'!$S$33,'Quick Setup'!$S36,if(AK6='Quick Setup'!$T$33,'Quick Setup'!$T36,if(AK6='Quick Setup'!$U$33,'Quick Setup'!$U36,if(AK6='Quick Setup'!$V$33,'Quick Setup'!$V36,'2x'!BF7)))))))))))))))))))) -> 3 | AM6: =if(AK6='Quick Setup'!$C$47,'Quick Setup'!$C50,if(AK6='Quick Setup'!$D$47,'Quick Setup'!$D50,if(AK6='Quick Setup'!$E$47,'Quick Setup'!$E50,if(AK6='Quick Setup'!$F$47,'Quick Setup'!$F50,if(AK6='Quick Setup'!$G$47,'Quick Setup'!$G50,if(AK6='Quick Setup'!$H$47,'Quick Setup'!$H50,if(AK6='Quick Setup'!$I$47,'Quick Setup'!$I50,if(AK6='Quick Setup'!$J$47,'Quick Setup'!$J50,if(AK6='Quick Setup'!$K$47,'Quick Setup'!$K50,if(AK6='Quick Setup'!$L$47,'Quick Setup'!$L50,if(AK6='Quick Setup'!$M$47,'Quick Setup'!$M50,if(AK6='Quick Setup'!$N$47,'Quick Setup'!$N50,if(AK6='Quick Setup'!$O$47,'Quick Setup'!$O50,if(AK6='Quick Setup'!$P$47,'Quick Setup'!$P50,if(AK6='Quick Setup'!$Q$47,'Quick Setup'!$Q50,if(AK6='Quick Setup'!$R$47,'Quick Setup'!$R50,if(AK6='Quick Setup'!$S$47,'Quick Setup'!$S50,if(AK6='Quick Setup'!$T$47,'Quick Setup'!$T50,if(AK6='Quick Setup'!$U$47,'Quick Setup'!$U50,if(AK6='Quick Setup'!$V$47,'Quick Setup'!$V50,if(AK6='Quick Setup'!$W$47,'Quick Setup'!$W50))))))))))))))))))))) -> 2 | AN6: =AG6 -> 4 | AO6: =AH6 -> 6 | AP6: =AI6 -> 0.02 | AQ6: =AJ6 -> -0.05 | AR6: ='Quick Setup'!I63 -> 0.6 | AS6: =if(AR6='Quick Setup'!$C$33,'Quick Setup'!$C36,if(AR6='Quick Setup'!$D$33,'Quick Setup'!$D36,if(AR6='Quick Setup'!$E$33,'Quick Setup'!$E36,if(AR6='Quick Setup'!$F$33,'Quick Setup'!$F36,if(AR6='Quick Setup'!$G$33,'Quick Setup'!$G36,if(AR6='Quick Setup'!$H$33,'Quick Setup'!$H36,if(AR6='Quick Setup'!$I$33,'Quick Setup'!$I36,if(AR6='Quick Setup'!$J$33,'Quick Setup'!$J36,if(AR6='Quick Setup'!$K$33,'Quick Setup'!$K36,if(AR6='Quick Setup'!$L$33,'Quick Setup'!$L36,if(AR6='Quick Setup'!$M$33,'Quick Setup'!$M36,if(AR6='Quick Setup'!$N$33,'Quick Setup'!$N36,if(AR6='Quick Setup'!$O$33,'Quick Setup'!$O36,if(AR6='Quick Setup'!$P$33,'Quick Setup'!$P36,if(AR6='Quick Setup'!$Q$33,'Quick Setup'!$Q36,if(AR6='Quick Setup'!$R$33,'Quick Setup'!$R36,if(AR6='Quick Setup'!$S$33,'Quick Setup'!$S36,if(AR6='Quick Setup'!$T$33,'Quick Setup'!$T36,if(AR6='Quick Setup'!$U$33,'Quick Setup'!$U36,if(AR6='Quick Setup'!$V$33,'Quick Setup'!$V36,'2x'!BM7)))))))))))))))))))) -> 7 | AT6: =if(AR6='Quick Setup'!$C$47,'Quick Setup'!$C50,if(AR6='Quick Setup'!$D$47,'Quick Setup'!$D50,if(AR6='Quick Setup'!$E$47,'Quick Setup'!$E50,if(AR6='Quick Setup'!$F$47,'Quick Setup'!$F50,if(AR6='Quick Setup'!$G$47,'Quick Setup'!$G50,if(AR6='Quick Setup'!$H$47,'Quick Setup'!$H50,if(AR6='Quick Setup'!$I$47,'Quick Setup'!$I50,if(AR6='Quick Setup'!$J$47,'Quick Setup'!$J50,if(AR6='Quick Setup'!$K$47,'Quick Setup'!$K50,if(AR6='Quick Setup'!$L$47,'Quick Setup'!$L50,if(AR6='Quick Setup'!$M$47,'Quick Setup'!$M50,if(AR6='Quick Setup'!$N$47,'Quick Setup'!$N50,if(AR6='Quick Setup'!$O$47,'Quick Setup'!$O50,if(AR6='Quick Setup'!$P$47,'Quick Setup'!$P50,if(AR6='Quick Setup'!$Q$47,'Quick Setup'!$Q50,if(AR6='Quick Setup'!$R$47,'Quick Setup'!$R50,if(AR6='Quick Setup'!$S$47,'Quick Setup'!$S50,if(AR6='Quick Setup'!$T$47,'Quick Setup'!$T50,if(AR6='Quick Setup'!$U$47,'Quick Setup'!$U50,if(AR6='Quick Setup'!$V$47,'Quick Setup'!$V50,if(AR6='Quick Setup'!$W$47,'Quick Setup'!$W50))))))))))))))))))))) -> 4 | AU6: =AN6 -> 4 | AV6: =AO6 -> 6 | AW6: =AP6 -> 0.02 | AX6: =AQ6 -> -0.05 | AY6: ='Quick Setup'!J63 -> 0.75 | AZ6: =if(AY6='Quick Setup'!$C$33,'Quick Setup'!$C36,if(AY6='Quick Setup'!$D$33,'Quick Setup'!$D36,if(AY6='Quick Setup'!$E$33,'Quick Setup'!$E36,if(AY6='Quick Setup'!$F$33,'Quick Setup'!$F36,if(AY6='Quick Setup'!$G$33,'Quick Setup'!$G36,if(AY6='Quick Setup'!$H$33,'Quick Setup'!$H36,if(AY6='Quick Setup'!$I$33,'Quick Setup'!$I36,if(AY6='Quick Setup'!$J$33,'Quick Setup'!$J36,if(AY6='Quick Setup'!$K$33,'Quick Setup'!$K36,if(AY6='Quick Setup'!$L$33,'Quick Setup'!$L36,if(AY6='Quick Setup'!$M$33,'Quick Setup'!$M36,if(AY6='Quick Setup'!$N$33,'Quick Setup'!$N36,if(AY6='Quick Setup'!$O$33,'Quick Setup'!$O36,if(AY6='Quick Setup'!$P$33,'Quick Setup'!$P36,if(AY6='Quick Setup'!$Q$33,'Quick Setup'!$Q36,if(AY6='Quick Setup'!$R$33,'Quick Setup'!$R36,if(AY6='Quick Setup'!$S$33,'Quick Setup'!$S36,if(AY6='Quick Setup'!$T$33,'Quick Setup'!$T36,if(AY6='Quick Setup'!$U$33,'Quick Setup'!$U36,if(AY6='Quick Setup'!$V$33,'Quick Setup'!$V36,'2x'!BT7)))))))))))))))))))) -> 4 | BA6: =if(AY6='Quick Setup'!$C$47,'Quick Setup'!$C50,if(AY6='Quick Setup'!$D$47,'Quick Setup'!$D50,if(AY6='Quick Setup'!$E$47,'Quick Setup'!$E50,if(AY6='Quick Setup'!$F$47,'Quick Setup'!$F50,if(AY6='Quick Setup'!$G$47,'Quick Setup'!$G50,if(AY6='Quick Setup'!$H$47,'Quick Setup'!$H50,if(AY6='Quick Setup'!$I$47,'Quick Setup'!$I50,if(AY6='Quick Setup'!$J$47,'Quick Setup'!$J50,if(AY6='Quick Setup'!$K$47,'Quick Setup'!$K50,if(AY6='Quick Setup'!$L$47,'Quick Setup'!$L50,if(AY6='Quick Setup'!$M$47,'Quick Setup'!$M50,if(AY6='Quick Setup'!$N$47,'Quick Setup'!$N50,if(AY6='Quick Setup'!$O$47,'Quick Setup'!$O50,if(AY6='Quick Setup'!$P$47,'Quick Setup'!$P50,if(AY6='Quick Setup'!$Q$47,'Quick Setup'!$Q50,if(AY6='Quick Setup'!$R$47,'Quick Setup'!$R50,if(AY6='Quick Setup'!$S$47,'Quick Setup'!$S50,if(AY6='Quick Setup'!$T$47,'Quick Setup'!$T50,if(AY6='Quick Setup'!$U$47,'Quick Setup'!$U50,if(AY6='Quick Setup'!$V$47,'Quick Setup'!$V50,if(AY6='Quick Setup'!$W$47,'Quick Setup'!$W50))))))))))))))))))))) -> 3 | BB6: =AU6 -> 4 | BC6: =AV6 -> 6 | BD6: =AW6 -> 0.02 | BE6: =AX6 -> -0.05 | BF6: ='Quick Setup'!K63 -> 0.8 | BG6: =if(BF6='Quick Setup'!$C$33,'Quick Setup'!$C36,if(BF6='Quick Setup'!$D$33,'Quick Setup'!$D36,if(BF6='Quick Setup'!$E$33,'Quick Setup'!$E36,if(BF6='Quick Setup'!$F$33,'Quick Setup'!$F36,if(BF6='Quick Setup'!$G$33,'Quick Setup'!$G36,if(BF6='Quick Setup'!$H$33,'Quick Setup'!$H36,if(BF6='Quick Setup'!$I$33,'Quick Setup'!$I36,if(BF6='Quick Setup'!$J$33,'Quick Setup'!$J36,if(BF6='Quick Setup'!$K$33,'Quick Setup'!$K36,if(BF6='Quick Setup'!$L$33,'Quick Setup'!$L36,if(BF6='Quick Setup'!$M$33,'Quick Setup'!$M36,if(BF6='Quick Setup'!$N$33,'Quick Setup'!$N36,if(BF6='Quick Setup'!$O$33,'Quick Setup'!$O36,if(BF6='Quick Setup'!$P$33,'Quick Setup'!$P36,if(BF6='Quick Setup'!$Q$33,'Quick Setup'!$Q36,if(BF6='Quick Setup'!$R$33,'Quick Setup'!$R36,if(BF6='Quick Setup'!$S$33,'Quick Setup'!$S36,if(BF6='Quick Setup'!$T$33,'Quick Setup'!$T36,if(BF6='Quick Setup'!$U$33,'Quick Setup'!$U36,if(BF6='Quick Setup'!$V$33,'Quick Setup'!$V36,'2x'!CA7)))))))))))))))))))) -> 3 | BH6: =if(BF6='Quick Setup'!$C$47,'Quick Setup'!$C50,if(BF6='Quick Setup'!$D$47,'Quick Setup'!$D50,if(BF6='Quick Setup'!$E$47,'Quick Setup'!$E50,if(BF6='Quick Setup'!$F$47,'Quick Setup'!$F50,if(BF6='Quick Setup'!$G$47,'Quick Setup'!$G50,if(BF6='Quick Setup'!$H$47,'Quick Setup'!$H50,if(BF6='Quick Setup'!$I$47,'Quick Setup'!$I50,if(BF6='Quick Setup'!$J$47,'Quick Setup'!$J50,if(BF6='Quick Setup'!$K$47,'Quick Setup'!$K50,if(BF6='Quick Setup'!$L$47,'Quick Setup'!$L50,if(BF6='Quick Setup'!$M$47,'Quick Setup'!$M50,if(BF6='Quick Setup'!$N$47,'Quick Setup'!$N50,if(BF6='Quick Setup'!$O$47,'Quick Setup'!$O50,if(BF6='Quick Setup'!$P$47,'Quick Setup'!$P50,if(BF6='Quick Setup'!$Q$47,'Quick Setup'!$Q50,if(BF6='Quick Setup'!$R$47,'Quick Setup'!$R50,if(BF6='Quick Setup'!$S$47,'Quick Setup'!$S50,if(BF6='Quick Setup'!$T$47,'Quick Setup'!$T50,if(BF6='Quick Setup'!$U$47,'Quick Setup'!$U50,if(BF6='Quick Setup'!$V$47,'Quick Setup'!$V50,if(BF6='Quick Setup'!$W$47,'Quick Setup'!$W50))))))))))))))))))))) -> 2 | BI6: =BB6 -> 4 | BJ6: =BC6 -> 6 | BK6: =BD6 -> 0.02 | BL6: =BE6 -> -0.05 | BM6: ='Quick Setup'!L63 -> 0.85 | BN6: =if(BM6='Quick Setup'!$C$33,'Quick Setup'!$C36,if(BM6='Quick Setup'!$D$33,'Quick Setup'!$D36,if(BM6='Quick Setup'!$E$33,'Quick Setup'!$E36,if(BM6='Quick Setup'!$F$33,'Quick Setup'!$F36,if(BM6='Quick Setup'!$G$33,'Quick Setup'!$G36,if(BM6='Quick Setup'!$H$33,'Quick Setup'!$H36,if(BM6='Quick Setup'!$I$33,'Quick Setup'!$I36,if(BM6='Quick Setup'!$J$33,'Quick Setup'!$J36,if(BM6='Quick Setup'!$K$33,'Quick Setup'!$K36,if(BM6='Quick Setup'!$L$33,'Quick Setup'!$L36,if(BM6='Quick Setup'!$M$33,'Quick Setup'!$M36,if(BM6='Quick Setup'!$N$33,'Quick Setup'!$N36,if(BM6='Quick Setup'!$O$33,'Quick Setup'!$O36,if(BM6='Quick Setup'!$P$33,'Quick Setup'!$P36,if(BM6='Quick Setup'!$Q$33,'Quick Setup'!$Q36,if(BM6='Quick Setup'!$R$33,'Quick Setup'!$R36,if(BM6='Quick Setup'!$S$33,'Quick Setup'!$S36,if(BM6='Quick Setup'!$T$33,'Quick Setup'!$T36,if(BM6='Quick Setup'!$U$33,'Quick Setup'!$U36,if(BM6='Quick Setup'!$V$33,'Quick Setup'!$V36,'2x'!CH7)))))))))))))))))))) -> 2 | BO6: =if(BM6='Quick Setup'!$C$47,'Quick Setup'!$C50,if(BM6='Quick Setup'!$D$47,'Quick Setup'!$D50,if(BM6='Quick Setup'!$E$47,'Quick Setup'!$E50,if(BM6='Quick Setup'!$F$47,'Quick Setup'!$F50,if(BM6='Quick Setup'!$G$47,'Quick Setup'!$G50,if(BM6='Quick Setup'!$H$47,'Quick Setup'!$H50,if(BM6='Quick Setup'!$I$47,'Quick Setup'!$I50,if(BM6='Quick Setup'!$J$47,'Quick Setup'!$J50,if(BM6='Quick Setup'!$K$47,'Quick Setup'!$K50,if(BM6='Quick Setup'!$L$47,'Quick Setup'!$L50,if(BM6='Quick Setup'!$M$47,'Quick Setup'!$M50,if(BM6='Quick Setup'!$N$47,'Quick Setup'!$N50,if(BM6='Quick Setup'!$O$47,'Quick Setup'!$O50,if(BM6='Quick Setup'!$P$47,'Quick Setup'!$P50,if(BM6='Quick Setup'!$Q$47,'Quick Setup'!$Q50,if(BM6='Quick Setup'!$R$47,'Quick Setup'!$R50,if(BM6='Quick Setup'!$S$47,'Quick Setup'!$S50,if(BM6='Quick Setup'!$T$47,'Quick Setup'!$T50,if(BM6='Quick Setup'!$U$47,'Quick Setup'!$U50,if(BM6='Quick Setup'!$V$47,'Quick Setup'!$V50,if(BM6='Quick Setup'!$W$47,'Quick Setup'!$W50))))))))))))))))))))) -> 2 | BP6: =BI6 -> 4 | BQ6: =BJ6 -> 6 | BR6: =BK6 -> 0.02 | BS6: =BL6 -> -0.05 | BT6: ='Quick Setup'!M63 -> 0.775 | BU6: =if(BT6='Quick Setup'!$C$33,'Quick Setup'!$C36,if(BT6='Quick Setup'!$D$33,'Quick Setup'!$D36,if(BT6='Quick Setup'!$E$33,'Quick Setup'!$E36,if(BT6='Quick Setup'!$F$33,'Quick Setup'!$F36,if(BT6='Quick Setup'!$G$33,'Quick Setup'!$G36,if(BT6='Quick Setup'!$H$33,'Quick Setup'!$H36,if(BT6='Quick Setup'!$I$33,'Quick Setup'!$I36,if(BT6='Quick Setup'!$J$33,'Quick Setup'!$J36,if(BT6='Quick Setup'!$K$33,'Quick Setup'!$K36,if(BT6='Quick Setup'!$L$33,'Quick Setup'!$L36,if(BT6='Quick Setup'!$M$33,'Quick Setup'!$M36,if(BT6='Quick Setup'!$N$33,'Quick Setup'!$N36,if(BT6='Quick Setup'!$O$33,'Quick Setup'!$O36,if(BT6='Quick Setup'!$P$33,'Quick Setup'!$P36,if(BT6='Quick Setup'!$Q$33,'Quick Setup'!$Q36,if(BT6='Quick Setup'!$R$33,'Quick Setup'!$R36,if(BT6='Quick Setup'!$S$33,'Quick Setup'!$S36,if(BT6='Quick Setup'!$T$33,'Quick Setup'!$T36,if(BT6='Quick Setup'!$U$33,'Quick Setup'!$U36,if(BT6='Quick Setup'!$V$33,'Quick Setup'!$V36,'2x'!CO7)))))))))))))))))))) -> 4 | BV6: =if(BT6='Quick Setup'!$C$47,'Quick Setup'!$C50,if(BT6='Quick Setup'!$D$47,'Quick Setup'!$D50,if(BT6='Quick Setup'!$E$47,'Quick Setup'!$E50,if(BT6='Quick Setup'!$F$47,'Quick Setup'!$F50,if(BT6='Quick Setup'!$G$47,'Quick Setup'!$G50,if(BT6='Quick Setup'!$H$47,'Quick Setup'!$H50,if(BT6='Quick Setup'!$I$47,'Quick Setup'!$I50,if(BT6='Quick Setup'!$J$47,'Quick Setup'!$J50,if(BT6='Quick Setup'!$K$47,'Quick Setup'!$K50,if(BT6='Quick Setup'!$L$47,'Quick Setup'!$L50,if(BT6='Quick Setup'!$M$47,'Quick Setup'!$M50,if(BT6='Quick Setup'!$N$47,'Quick Setup'!$N50,if(BT6='Quick Setup'!$O$47,'Quick Setup'!$O50,if(BT6='Quick Setup'!$P$47,'Quick Setup'!$P50,if(BT6='Quick Setup'!$Q$47,'Quick Setup'!$Q50,if(BT6='Quick Setup'!$R$47,'Quick Setup'!$R50,if(BT6='Quick Setup'!$S$47,'Quick Setup'!$S50,if(BT6='Quick Setup'!$T$47,'Quick Setup'!$T50,if(BT6='Quick Setup'!$U$47,'Quick Setup'!$U50,if(BT6='Quick Setup'!$V$47,'Quick Setup'!$V50,if(BT6='Quick Setup'!$W$47,'Quick Setup'!$W50))))))))))))))))))))) -> 3 | BW6: =BP6 -> 4 | BX6: =BQ6 -> 6 | BY6: =BR6 -> 0.02 | BZ6: =BS6 -> -0.05 | CA6: ='Quick Setup'!N63 -> 0.825 | CB6: =if(CA6='Quick Setup'!$C$33,'Quick Setup'!$C36,if(CA6='Quick Setup'!$D$33,'Quick Setup'!$D36,if(CA6='Quick Setup'!$E$33,'Quick Setup'!$E36,if(CA6='Quick Setup'!$F$33,'Quick Setup'!$F36,if(CA6='Quick Setup'!$G$33,'Quick Setup'!$G36,if(CA6='Quick Setup'!$H$33,'Quick Setup'!$H36,if(CA6='Quick Setup'!$I$33,'Quick Setup'!$I36,if(CA6='Quick Setup'!$J$33,'Quick Setup'!$J36,if(CA6='Quick Setup'!$K$33,'Quick Setup'!$K36,if(CA6='Quick Setup'!$L$33,'Quick Setup'!$L36,if(CA6='Quick Setup'!$M$33,'Quick Setup'!$M36,if(CA6='Quick Setup'!$N$33,'Quick Setup'!$N36,if(CA6='Quick Setup'!$O$33,'Quick Setup'!$O36,if(CA6='Quick Setup'!$P$33,'Quick Setup'!$P36,if(CA6='Quick Setup'!$Q$33,'Quick Setup'!$Q36,if(CA6='Quick Setup'!$R$33,'Quick Setup'!$R36,if(CA6='Quick Setup'!$S$33,'Quick Setup'!$S36,if(CA6='Quick Setup'!$T$33,'Quick Setup'!$T36,if(CA6='Quick Setup'!$U$33,'Quick Setup'!$U36,if(CA6='Quick Setup'!$V$33,'Quick Setup'!$V36,'2x'!CV7)))))))))))))))))))) -> 3 | CC6: =if(CA6='Quick Setup'!$C$47,'Quick Setup'!$C50,if(CA6='Quick Setup'!$D$47,'Quick Setup'!$D50,if(CA6='Quick Setup'!$E$47,'Quick Setup'!$E50,if(CA6='Quick Setup'!$F$47,'Quick Setup'!$F50,if(CA6='Quick Setup'!$G$47,'Quick Setup'!$G50,if(CA6='Quick Setup'!$H$47,'Quick Setup'!$H50,if(CA6='Quick Setup'!$I$47,'Quick Setup'!$I50,if(CA6='Quick Setup'!$J$47,'Quick Setup'!$J50,if(CA6='Quick Setup'!$K$47,'Quick Setup'!$K50,if(CA6='Quick Setup'!$L$47,'Quick Setup'!$L50,if(CA6='Quick Setup'!$M$47,'Quick Setup'!$M50,if(CA6='Quick Setup'!$N$47,'Quick Setup'!$N50,if(CA6='Quick Setup'!$O$47,'Quick Setup'!$O50,if(CA6='Quick Setup'!$P$47,'Quick Setup'!$P50,if(CA6='Quick Setup'!$Q$47,'Quick Setup'!$Q50,if(CA6='Quick Setup'!$R$47,'Quick Setup'!$R50,if(CA6='Quick Setup'!$S$47,'Quick Setup'!$S50,if(CA6='Quick Setup'!$T$47,'Quick Setup'!$T50,if(CA6='Quick Setup'!$U$47,'Quick Setup'!$U50,if(CA6='Quick Setup'!$V$47,'Quick Setup'!$V50,if(CA6='Quick Setup'!$W$47,'Quick Setup'!$W50))))))))))))))))))))) -> 2 | CD6: =BW6 -> 4 | CE6: =BX6 -> 6 | CF6: =BY6 -> 0.02 | CG6: =BZ6 -> -0.05 | CH6: ='Quick Setup'!O63 -> 0.875 | CI6: =if(CH6='Quick Setup'!$C$33,'Quick Setup'!$C36,if(CH6='Quick Setup'!$D$33,'Quick Setup'!$D36,if(CH6='Quick Setup'!$E$33,'Quick Setup'!$E36,if(CH6='Quick Setup'!$F$33,'Quick Setup'!$F36,if(CH6='Quick Setup'!$G$33,'Quick Setup'!$G36,if(CH6='Quick Setup'!$H$33,'Quick Setup'!$H36,if(CH6='Quick Setup'!$I$33,'Quick Setup'!$I36,if(CH6='Quick Setup'!$J$33,'Quick Setup'!$J36,if(CH6='Quick Setup'!$K$33,'Quick Setup'!$K36,if(CH6='Quick Setup'!$L$33,'Quick Setup'!$L36,if(CH6='Quick Setup'!$M$33,'Quick Setup'!$M36,if(CH6='Quick Setup'!$N$33,'Quick Setup'!$N36,if(CH6='Quick Setup'!$O$33,'Quick Setup'!$O36,if(CH6='Quick Setup'!$P$33,'Quick Setup'!$P36,if(CH6='Quick Setup'!$Q$33,'Quick Setup'!$Q36,if(CH6='Quick Setup'!$R$33,'Quick Setup'!$R36,if(CH6='Quick Setup'!$S$33,'Quick Setup'!$S36,if(CH6='Quick Setup'!$T$33,'Quick Setup'!$T36,if(CH6='Quick Setup'!$U$33,'Quick Setup'!$U36,if(CH6='Quick Setup'!$V$33,'Quick Setup'!$V36,'2x'!DC7)))))))))))))))))))) -> 2 | CJ6: =if(CH6='Quick Setup'!$C$47,'Quick Setup'!$C50,if(CH6='Quick Setup'!$D$47,'Quick Setup'!$D50,if(CH6='Quick Setup'!$E$47,'Quick Setup'!$E50,if(CH6='Quick Setup'!$F$47,'Quick Setup'!$F50,if(CH6='Quick Setup'!$G$47,'Quick Setup'!$G50,if(CH6='Quick Setup'!$H$47,'Quick Setup'!$H50,if(CH6='Quick Setup'!$I$47,'Quick Setup'!$I50,if(CH6='Quick Setup'!$J$47,'Quick Setup'!$J50,if(CH6='Quick Setup'!$K$47,'Quick Setup'!$K50,if(CH6='Quick Setup'!$L$47,'Quick Setup'!$L50,if(CH6='Quick Setup'!$M$47,'Quick Setup'!$M50,if(CH6='Quick Setup'!$N$47,'Quick Setup'!$N50,if(CH6='Quick Setup'!$O$47,'Quick Setup'!$O50,if(CH6='Quick Setup'!$P$47,'Quick Setup'!$P50,if(CH6='Quick Setup'!$Q$47,'Quick Setup'!$Q50,if(CH6='Quick Setup'!$R$47,'Quick Setup'!$R50,if(CH6='Quick Setup'!$S$47,'Quick Setup'!$S50,if(CH6='Quick Setup'!$T$47,'Quick Setup'!$T50,if(CH6='Quick Setup'!$U$47,'Quick Setup'!$U50,if(CH6='Quick Setup'!$V$47,'Quick Setup'!$V50,if(CH6='Quick Setup'!$W$47,'Quick Setup'!$W50))))))))))))))))))))) -> 2 | CK6: =CD6 -> 4 | CL6: =CE6 -> 6 | CM6: =CF6 -> 0.02 | CN6: =CG6 -> -0.05 | CO6: ='Quick Setup'!P63 -> 0.6 | CP6: =if(CO6='Quick Setup'!$C$33,'Quick Setup'!$C36,if(CO6='Quick Setup'!$D$33,'Quick Setup'!$D36,if(CO6='Quick Setup'!$E$33,'Quick Setup'!$E36,if(CO6='Quick Setup'!$F$33,'Quick Setup'!$F36,if(CO6='Quick Setup'!$G$33,'Quick Setup'!$G36,if(CO6='Quick Setup'!$H$33,'Quick Setup'!$H36,if(CO6='Quick Setup'!$I$33,'Quick Setup'!$I36,if(CO6='Quick Setup'!$J$33,'Quick Setup'!$J36,if(CO6='Quick Setup'!$K$33,'Quick Setup'!$K36,if(CO6='Quick Setup'!$L$33,'Quick Setup'!$L36,if(CO6='Quick Setup'!$M$33,'Quick Setup'!$M36,if(CO6='Quick Setup'!$N$33,'Quick Setup'!$N36,if(CO6='Quick Setup'!$O$33,'Quick Setup'!$O36,if(CO6='Quick Setup'!$P$33,'Quick Setup'!$P36,if(CO6='Quick Setup'!$Q$33,'Quick Setup'!$Q36,if(CO6='Quick Setup'!$R$33,'Quick Setup'!$R36,if(CO6='Quick Setup'!$S$33,'Quick Setup'!$S36,if(CO6='Quick Setup'!$T$33,'Quick Setup'!$T36,if(CO6='Quick Setup'!$U$33,'Quick Setup'!$U36,if(CO6='Quick Setup'!$V$33,'Quick Setup'!$V36,'2x'!DJ7)))))))))))))))))))) -> 7 | CQ6: =if(CO6='Quick Setup'!$C$47,'Quick Setup'!$C50,if(CO6='Quick Setup'!$D$47,'Quick Setup'!$D50,if(CO6='Quick Setup'!$E$47,'Quick Setup'!$E50,if(CO6='Quick Setup'!$F$47,'Quick Setup'!$F50,if(CO6='Quick Setup'!$G$47,'Quick Setup'!$G50,if(CO6='Quick Setup'!$H$47,'Quick Setup'!$H50,if(CO6='Quick Setup'!$I$47,'Quick Setup'!$I50,if(CO6='Quick Setup'!$J$47,'Quick Setup'!$J50,if(CO6='Quick Setup'!$K$47,'Quick Setup'!$K50,if(CO6='Quick Setup'!$L$47,'Quick Setup'!$L50,if(CO6='Quick Setup'!$M$47,'Quick Setup'!$M50,if(CO6='Quick Setup'!$N$47,'Quick Setup'!$N50,if(CO6='Quick Setup'!$O$47,'Quick Setup'!$O50,if(CO6='Quick Setup'!$P$47,'Quick Setup'!$P50,if(CO6='Quick Setup'!$Q$47,'Quick Setup'!$Q50,if(CO6='Quick Setup'!$R$47,'Quick Setup'!$R50,if(CO6='Quick Setup'!$S$47,'Quick Setup'!$S50,if(CO6='Quick Setup'!$T$47,'Quick Setup'!$T50,if(CO6='Quick Setup'!$U$47,'Quick Setup'!$U50,if(CO6='Quick Setup'!$V$47,'Quick Setup'!$V50,if(CO6='Quick Setup'!$W$47,'Quick Setup'!$W50))))))))))))))))))))) -> 4 | CR6: =CK6 -> 4 | CS6: =CL6 -> 6 | CT6: =CM6 -> 0.02 | CU6: =CN6 -> -0.05 | CV6: ='Quick Setup'!Q63 -> 0.8 | CW6: =if(CV6='Quick Setup'!$C$33,'Quick Setup'!$C36,if(CV6='Quick Setup'!$D$33,'Quick Setup'!$D36,if(CV6='Quick Setup'!$E$33,'Quick Setup'!$E36,if(CV6='Quick Setup'!$F$33,'Quick Setup'!$F36,if(CV6='Quick Setup'!$G$33,'Quick Setup'!$G36,if(CV6='Quick Setup'!$H$33,'Quick Setup'!$H36,if(CV6='Quick Setup'!$I$33,'Quick Setup'!$I36,if(CV6='Quick Setup'!$J$33,'Quick Setup'!$J36,if(CV6='Quick Setup'!$K$33,'Quick Setup'!$K36,if(CV6='Quick Setup'!$L$33,'Quick Setup'!$L36,if(CV6='Quick Setup'!$M$33,'Quick Setup'!$M36,if(CV6='Quick Setup'!$N$33,'Quick Setup'!$N36,if(CV6='Quick Setup'!$O$33,'Quick Setup'!$O36,if(CV6='Quick Setup'!$P$33,'Quick Setup'!$P36,if(CV6='Quick Setup'!$Q$33,'Quick Setup'!$Q36,if(CV6='Quick Setup'!$R$33,'Quick Setup'!$R36,if(CV6='Quick Setup'!$S$33,'Quick Setup'!$S36,if(CV6='Quick Setup'!$T$33,'Quick Setup'!$T36,if(CV6='Quick Setup'!$U$33,'Quick Setup'!$U36,if(CV6='Quick Setup'!$V$33,'Quick Setup'!$V36,'2x'!DQ7)))))))))))))))))))) -> 3 | CX6: =if(CV6='Quick Setup'!$C$47,'Quick Setup'!$C50,if(CV6='Quick Setup'!$D$47,'Quick Setup'!$D50,if(CV6='Quick Setup'!$E$47,'Quick Setup'!$E50,if(CV6='Quick Setup'!$F$47,'Quick Setup'!$F50,if(CV6='Quick Setup'!$G$47,'Quick Setup'!$G50,if(CV6='Quick Setup'!$H$47,'Quick Setup'!$H50,if(CV6='Quick Setup'!$I$47,'Quick Setup'!$I50,if(CV6='Quick Setup'!$J$47,'Quick Setup'!$J50,if(CV6='Quick Setup'!$K$47,'Quick Setup'!$K50,if(CV6='Quick Setup'!$L$47,'Quick Setup'!$L50,if(CV6='Quick Setup'!$M$47,'Quick Setup'!$M50,if(CV6='Quick Setup'!$N$47,'Quick Setup'!$N50,if(CV6='Quick Setup'!$O$47,'Quick Setup'!$O50,if(CV6='Quick Setup'!$P$47,'Quick Setup'!$P50,if(CV6='Quick Setup'!$Q$47,'Quick Setup'!$Q50,if(CV6='Quick Setup'!$R$47,'Quick Setup'!$R50,if(CV6='Quick Setup'!$S$47,'Quick Setup'!$S50,if(CV6='Quick Setup'!$T$47,'Quick Setup'!$T50,if(CV6='Quick Setup'!$U$47,'Quick Setup'!$U50,if(CV6='Quick Setup'!$V$47,'Quick Setup'!$V50,if(CV6='Quick Setup'!$W$47,'Quick Setup'!$W50))))))))))))))))))))) -> 2 | CY6: =CR6 -> 4 | CZ6: =CS6 -> 6 | DA6: =CT6 -> 0.02 | DB6: =CU6 -> -0.05 | DC6: ='Quick Setup'!R63 -> 0.85 | DD6: =if(DC6='Quick Setup'!$C$33,'Quick Setup'!$C36,if(DC6='Quick Setup'!$D$33,'Quick Setup'!$D36,if(DC6='Quick Setup'!$E$33,'Quick Setup'!$E36,if(DC6='Quick Setup'!$F$33,'Quick Setup'!$F36,if(DC6='Quick Setup'!$G$33,'Quick Setup'!$G36,if(DC6='Quick Setup'!$H$33,'Quick Setup'!$H36,if(DC6='Quick Setup'!$I$33,'Quick Setup'!$I36,if(DC6='Quick Setup'!$J$33,'Quick Setup'!$J36,if(DC6='Quick Setup'!$K$33,'Quick Setup'!$K36,if(DC6='Quick Setup'!$L$33,'Quick Setup'!$L36,if(DC6='Quick Setup'!$M$33,'Quick Setup'!$M36,if(DC6='Quick Setup'!$N$33,'Quick Setup'!$N36,if(DC6='Quick Setup'!$O$33,'Quick Setup'!$O36,if(DC6='Quick Setup'!$P$33,'Quick Setup'!$P36,if(DC6='Quick Setup'!$Q$33,'Quick Setup'!$Q36,if(DC6='Quick Setup'!$R$33,'Quick Setup'!$R36,if(DC6='Quick Setup'!$S$33,'Quick Setup'!$S36,if(DC6='Quick Setup'!$T$33,'Quick Setup'!$T36,if(DC6='Quick Setup'!$U$33,'Quick Setup'!$U36,if(DC6='Quick Setup'!$V$33,'Quick Setup'!$V36,'2x'!DX7)))))))))))))))))))) -> 2 | DE6: =if(DC6='Quick Setup'!$C$47,'Quick Setup'!$C50,if(DC6='Quick Setup'!$D$47,'Quick Setup'!$D50,if(DC6='Quick Setup'!$E$47,'Quick Setup'!$E50,if(DC6='Quick Setup'!$F$47,'Quick Setup'!$F50,if(DC6='Quick Setup'!$G$47,'Quick Setup'!$G50,if(DC6='Quick Setup'!$H$47,'Quick Setup'!$H50,if(DC6='Quick Setup'!$I$47,'Quick Setup'!$I50,if(DC6='Quick Setup'!$J$47,'Quick Setup'!$J50,if(DC6='Quick Setup'!$K$47,'Quick Setup'!$K50,if(DC6='Quick Setup'!$L$47,'Quick Setup'!$L50,if(DC6='Quick Setup'!$M$47,'Quick Setup'!$M50,if(DC6='Quick Setup'!$N$47,'Quick Setup'!$N50,if(DC6='Quick Setup'!$O$47,'Quick Setup'!$O50,if(DC6='Quick Setup'!$P$47,'Quick Setup'!$P50,if(DC6='Quick Setup'!$Q$47,'Quick Setup'!$Q50,if(DC6='Quick Setup'!$R$47,'Quick Setup'!$R50,if(DC6='Quick Setup'!$S$47,'Quick Setup'!$S50,if(DC6='Quick Setup'!$T$47,'Quick Setup'!$T50,if(DC6='Quick Setup'!$U$47,'Quick Setup'!$U50,if(DC6='Quick Setup'!$V$47,'Quick Setup'!$V50,if(DC6='Quick Setup'!$W$47,'Quick Setup'!$W50))))))))))))))))))))) -> 2 | DF6: =CY6 -> 4 | DG6: =CZ6 -> 6 | DH6: =DA6 -> 0.02 | DI6: =DB6 -> -0.05 | DJ6: ='Quick Setup'!S63 -> 0.9 | DK6: =if(DJ6='Quick Setup'!$C$33,'Quick Setup'!$C36,if(DJ6='Quick Setup'!$D$33,'Quick Setup'!$D36,if(DJ6='Quick Setup'!$E$33,'Quick Setup'!$E36,if(DJ6='Quick Setup'!$F$33,'Quick Setup'!$F36,if(DJ6='Quick Setup'!$G$33,'Quick Setup'!$G36,if(DJ6='Quick Setup'!$H$33,'Quick Setup'!$H36,if(DJ6='Quick Setup'!$I$33,'Quick Setup'!$I36,if(DJ6='Quick Setup'!$J$33,'Quick Setup'!$J36,if(DJ6='Quick Setup'!$K$33,'Quick Setup'!$K36,if(DJ6='Quick Setup'!$L$33,'Quick Setup'!$L36,if(DJ6='Quick Setup'!$M$33,'Quick Setup'!$M36,if(DJ6='Quick Setup'!$N$33,'Quick Setup'!$N36,if(DJ6='Quick Setup'!$O$33,'Quick Setup'!$O36,if(DJ6='Quick Setup'!$P$33,'Quick Setup'!$P36,if(DJ6='Quick Setup'!$Q$33,'Quick Setup'!$Q36,if(DJ6='Quick Setup'!$R$33,'Quick Setup'!$R36,if(DJ6='Quick Setup'!$S$33,'Quick Setup'!$S36,if(DJ6='Quick Setup'!$T$33,'Quick Setup'!$T36,if(DJ6='Quick Setup'!$U$33,'Quick Setup'!$U36,if(DJ6='Quick Setup'!$V$33,'Quick Setup'!$V36,'2x'!EE7)))))))))))))))))))) -> 1 | DL6: =if(DJ6='Quick Setup'!$C$47,'Quick Setup'!$C50,if(DJ6='Quick Setup'!$D$47,'Quick Setup'!$D50,if(DJ6='Quick Setup'!$E$47,'Quick Setup'!$E50,if(DJ6='Quick Setup'!$F$47,'Quick Setup'!$F50,if(DJ6='Quick Setup'!$G$47,'Quick Setup'!$G50,if(DJ6='Quick Setup'!$H$47,'Quick Setup'!$H50,if(DJ6='Quick Setup'!$I$47,'Quick Setup'!$I50,if(DJ6='Quick Setup'!$J$47,'Quick Setup'!$J50,if(DJ6='Quick Setup'!$K$47,'Quick Setup'!$K50,if(DJ6='Quick Setup'!$L$47,'Quick Setup'!$L50,if(DJ6='Quick Setup'!$M$47,'Quick Setup'!$M50,if(DJ6='Quick Setup'!$N$47,'Quick Setup'!$N50,if(DJ6='Quick Setup'!$O$47,'Quick Setup'!$O50,if(DJ6='Quick Setup'!$P$47,'Quick Setup'!$P50,if(DJ6='Quick Setup'!$Q$47,'Quick Setup'!$Q50,if(DJ6='Quick Setup'!$R$47,'Quick Setup'!$R50,if(DJ6='Quick Setup'!$S$47,'Quick Setup'!$S50,if(DJ6='Quick Setup'!$T$47,'Quick Setup'!$T50,if(DJ6='Quick Setup'!$U$47,'Quick Setup'!$U50,if(DJ6='Quick Setup'!$V$47,'Quick Setup'!$V50,if(DJ6='Quick Setup'!$W$47,'Quick Setup'!$W50))))))))))))))))))))) -> 1 | DM6: =DF6 -> 4 | DN6: =DG6 -> 6 | DO6: =DH6 -> 0.02 | DP6: =DI6 -> -0.05 | DQ6: ='Quick Setup'!T63 -> 0.85 | DR6: =if(DQ6='Quick Setup'!$C$33,'Quick Setup'!$C36,if(DQ6='Quick Setup'!$D$33,'Quick Setup'!$D36,if(DQ6='Quick Setup'!$E$33,'Quick Setup'!$E36,if(DQ6='Quick Setup'!$F$33,'Quick Setup'!$F36,if(DQ6='Quick Setup'!$G$33,'Quick Setup'!$G36,if(DQ6='Quick Setup'!$H$33,'Quick Setup'!$H36,if(DQ6='Quick Setup'!$I$33,'Quick Setup'!$I36,if(DQ6='Quick Setup'!$J$33,'Quick Setup'!$J36,if(DQ6='Quick Setup'!$K$33,'Quick Setup'!$K36,if(DQ6='Quick Setup'!$L$33,'Quick Setup'!$L36,if(DQ6='Quick Setup'!$M$33,'Quick Setup'!$M36,if(DQ6='Quick Setup'!$N$33,'Quick Setup'!$N36,if(DQ6='Quick Setup'!$O$33,'Quick Setup'!$O36,if(DQ6='Quick Setup'!$P$33,'Quick Setup'!$P36,if(DQ6='Quick Setup'!$Q$33,'Quick Setup'!$Q36,if(DQ6='Quick Setup'!$R$33,'Quick Setup'!$R36,if(DQ6='Quick Setup'!$S$33,'Quick Setup'!$S36,if(DQ6='Quick Setup'!$T$33,'Quick Setup'!$T36,if(DQ6='Quick Setup'!$U$33,'Quick Setup'!$U36,if(DQ6='Quick Setup'!$V$33,'Quick Setup'!$V36,'2x'!EL7)))))))))))))))))))) -> 2 | DS6: =if(DQ6='Quick Setup'!$C$47,'Quick Setup'!$C50,if(DQ6='Quick Setup'!$D$47,'Quick Setup'!$D50,if(DQ6='Quick Setup'!$E$47,'Quick Setup'!$E50,if(DQ6='Quick Setup'!$F$47,'Quick Setup'!$F50,if(DQ6='Quick Setup'!$G$47,'Quick Setup'!$G50,if(DQ6='Quick Setup'!$H$47,'Quick Setup'!$H50,if(DQ6='Quick Setup'!$I$47,'Quick Setup'!$I50,if(DQ6='Quick Setup'!$J$47,'Quick Setup'!$J50,if(DQ6='Quick Setup'!$K$47,'Quick Setup'!$K50,if(DQ6='Quick Setup'!$L$47,'Quick Setup'!$L50,if(DQ6='Quick Setup'!$M$47,'Quick Setup'!$M50,if(DQ6='Quick Setup'!$N$47,'Quick Setup'!$N50,if(DQ6='Quick Setup'!$O$47,'Quick Setup'!$O50,if(DQ6='Quick Setup'!$P$47,'Quick Setup'!$P50,if(DQ6='Quick Setup'!$Q$47,'Quick Setup'!$Q50,if(DQ6='Quick Setup'!$R$47,'Quick Setup'!$R50,if(DQ6='Quick Setup'!$S$47,'Quick Setup'!$S50,if(DQ6='Quick Setup'!$T$47,'Quick Setup'!$T50,if(DQ6='Quick Setup'!$U$47,'Quick Setup'!$U50,if(DQ6='Quick Setup'!$V$47,'Quick Setup'!$V50,if(DQ6='Quick Setup'!$W$47,'Quick Setup'!$W50))))))))))))))))))))) -> 2 | DT6: =DM6 -> 4 | DU6: =DN6 -> 6 | DV6: =DO6 -> 0.02 | DW6: =DP6 -> -0.05 | DX6: ='Quick Setup'!U63 -> 0.9 | DY6: =if(DX6='Quick Setup'!$C$33,'Quick Setup'!$C36,if(DX6='Quick Setup'!$D$33,'Quick Setup'!$D36,if(DX6='Quick Setup'!$E$33,'Quick Setup'!$E36,if(DX6='Quick Setup'!$F$33,'Quick Setup'!$F36,if(DX6='Quick Setup'!$G$33,'Quick Setup'!$G36,if(DX6='Quick Setup'!$H$33,'Quick Setup'!$H36,if(DX6='Quick Setup'!$I$33,'Quick Setup'!$I36,if(DX6='Quick Setup'!$J$33,'Quick Setup'!$J36,if(DX6='Quick Setup'!$K$33,'Quick Setup'!$K36,if(DX6='Quick Setup'!$L$33,'Quick Setup'!$L36,if(DX6='Quick Setup'!$M$33,'Quick Setup'!$M36,if(DX6='Quick Setup'!$N$33,'Quick Setup'!$N36,if(DX6='Quick Setup'!$O$33,'Quick Setup'!$O36,if(DX6='Quick Setup'!$P$33,'Quick Setup'!$P36,if(DX6='Quick Setup'!$Q$33,'Quick Setup'!$Q36,if(DX6='Quick Setup'!$R$33,'Quick Setup'!$R36,if(DX6='Quick Setup'!$S$33,'Quick Setup'!$S36,if(DX6='Quick Setup'!$T$33,'Quick Setup'!$T36,if(DX6='Quick Setup'!$U$33,'Quick Setup'!$U36,if(DX6='Quick Setup'!$V$33,'Quick Setup'!$V36,'2x'!ES7)))))))))))))))))))) -> 1 | DZ6: =if(DX6='Quick Setup'!$C$47,'Quick Setup'!$C50,if(DX6='Quick Setup'!$D$47,'Quick Setup'!$D50,if(DX6='Quick Setup'!$E$47,'Quick Setup'!$E50,if(DX6='Quick Setup'!$F$47,'Quick Setup'!$F50,if(DX6='Quick Setup'!$G$47,'Quick Setup'!$G50,if(DX6='Quick Setup'!$H$47,'Quick Setup'!$H50,if(DX6='Quick Setup'!$I$47,'Quick Setup'!$I50,if(DX6='Quick Setup'!$J$47,'Quick Setup'!$J50,if(DX6='Quick Setup'!$K$47,'Quick Setup'!$K50,if(DX6='Quick Setup'!$L$47,'Quick Setup'!$L50,if(DX6='Quick Setup'!$M$47,'Quick Setup'!$M50,if(DX6='Quick Setup'!$N$47,'Quick Setup'!$N50,if(DX6='Quick Setup'!$O$47,'Quick Setup'!$O50,if(DX6='Quick Setup'!$P$47,'Quick Setup'!$P50,if(DX6='Quick Setup'!$Q$47,'Quick Setup'!$Q50,if(DX6='Quick Setup'!$R$47,'Quick Setup'!$R50,if(DX6='Quick Setup'!$S$47,'Quick Setup'!$S50,if(DX6='Quick Setup'!$T$47,'Quick Setup'!$T50,if(DX6='Quick Setup'!$U$47,'Quick Setup'!$U50,if(DX6='Quick Setup'!$V$47,'Quick Setup'!$V50,if(DX6='Quick Setup'!$W$47,'Quick Setup'!$W50))))))))))))))))))))) -> 1 | EA6: =DT6 -> 4 | EB6: =DU6 -> 6 | EC6: =DV6 -> 0.02 | ED6: =DW6 -> -0.05 | EE6: ='Quick Setup'!V63 -> 0.95 | EF6: =if(EE6='Quick Setup'!$C$33,'Quick Setup'!$C36,if(EE6='Quick Setup'!$D$33,'Quick Setup'!$D36,if(EE6='Quick Setup'!$E$33,'Quick Setup'!$E36,if(EE6='Quick Setup'!$F$33,'Quick Setup'!$F36,if(EE6='Quick Setup'!$G$33,'Quick Setup'!$G36,if(EE6='Quick Setup'!$H$33,'Quick Setup'!$H36,if(EE6='Quick Setup'!$I$33,'Quick Setup'!$I36,if(EE6='Quick Setup'!$J$33,'Quick Setup'!$J36,if(EE6='Quick Setup'!$K$33,'Quick Setup'!$K36,if(EE6='Quick Setup'!$L$33,'Quick Setup'!$L36,if(EE6='Quick Setup'!$M$33,'Quick Setup'!$M36,if(EE6='Quick Setup'!$N$33,'Quick Setup'!$N36,if(EE6='Quick Setup'!$O$33,'Quick Setup'!$O36,if(EE6='Quick Setup'!$P$33,'Quick Setup'!$P36,if(EE6='Quick Setup'!$Q$33,'Quick Setup'!$Q36,if(EE6='Quick Setup'!$R$33,'Quick Setup'!$R36,if(EE6='Quick Setup'!$S$33,'Quick Setup'!$S36,if(EE6='Quick Setup'!$T$33,'Quick Setup'!$T36,if(EE6='Quick Setup'!$U$33,'Quick Setup'!$U36,if(EE6='Quick Setup'!$V$33,'Quick Setup'!$V36,'2x'!EZ7)))))))))))))))))))) -> 1 | EG6: =if(EE6='Quick Setup'!$C$47,'Quick Setup'!$C50,if(EE6='Quick Setup'!$D$47,'Quick Setup'!$D50,if(EE6='Quick Setup'!$E$47,'Quick Setup'!$E50,if(EE6='Quick Setup'!$F$47,'Quick Setup'!$F50,if(EE6='Quick Setup'!$G$47,'Quick Setup'!$G50,if(EE6='Quick Setup'!$H$47,'Quick Setup'!$H50,if(EE6='Quick Setup'!$I$47,'Quick Setup'!$I50,if(EE6='Quick Setup'!$J$47,'Quick Setup'!$J50,if(EE6='Quick Setup'!$K$47,'Quick Setup'!$K50,if(EE6='Quick Setup'!$L$47,'Quick Setup'!$L50,if(EE6='Quick Setup'!$M$47,'Quick Setup'!$M50,if(EE6='Quick Setup'!$N$47,'Quick Setup'!$N50,if(EE6='Quick Setup'!$O$47,'Quick Setup'!$O50,if(EE6='Quick Setup'!$P$47,'Quick Setup'!$P50,if(EE6='Quick Setup'!$Q$47,'Quick Setup'!$Q50,if(EE6='Quick Setup'!$R$47,'Quick Setup'!$R50,if(EE6='Quick Setup'!$S$47,'Quick Setup'!$S50,if(EE6='Quick Setup'!$T$47,'Quick Setup'!$T50,if(EE6='Quick Setup'!$U$47,'Quick Setup'!$U50,if(EE6='Quick Setup'!$V$47,'Quick Setup'!$V50,if(EE6='Quick Setup'!$W$47,'Quick Setup'!$W50))))))))))))))))))))) -> 1 | EH6: =EA6 -> 4 | EI6: =EB6 -> 6 | EJ6: =EC6 -> 0.02 | EK6: =ED6 -> -0.05 | EL6: ='Quick Setup'!W63 -> 0.6 | EM6: =if(EL6='Quick Setup'!$C$33,'Quick Setup'!$C36,if(EL6='Quick Setup'!$D$33,'Quick Setup'!$D36,if(EL6='Quick Setup'!$E$33,'Quick Setup'!$E36,if(EL6='Quick Setup'!$F$33,'Quick Setup'!$F36,if(EL6='Quick Setup'!$G$33,'Quick Setup'!$G36,if(EL6='Quick Setup'!$H$33,'Quick Setup'!$H36,if(EL6='Quick Setup'!$I$33,'Quick Setup'!$I36,if(EL6='Quick Setup'!$J$33,'Quick Setup'!$J36,if(EL6='Quick Setup'!$K$33,'Quick Setup'!$K36,if(EL6='Quick Setup'!$L$33,'Quick Setup'!$L36,if(EL6='Quick Setup'!$M$33,'Quick Setup'!$M36,if(EL6='Quick Setup'!$N$33,'Quick Setup'!$N36,if(EL6='Quick Setup'!$O$33,'Quick Setup'!$O36,if(EL6='Quick Setup'!$P$33,'Quick Setup'!$P36,if(EL6='Quick Setup'!$Q$33,'Quick Setup'!$Q36,if(EL6='Quick Setup'!$R$33,'Quick Setup'!$R36,if(EL6='Quick Setup'!$S$33,'Quick Setup'!$S36,if(EL6='Quick Setup'!$T$33,'Quick Setup'!$T36,if(EL6='Quick Setup'!$U$33,'Quick Setup'!$U36,if(EL6='Quick Setup'!$V$33,'Quick Setup'!$V36,'2x'!FG7)))))))))))))))))))) -> 7 | EN6: =if(EL6='Quick Setup'!$C$47,'Quick Setup'!$C50,if(EL6='Quick Setup'!$D$47,'Quick Setup'!$D50,if(EL6='Quick Setup'!$E$47,'Quick Setup'!$E50,if(EL6='Quick Setup'!$F$47,'Quick Setup'!$F50,if(EL6='Quick Setup'!$G$47,'Quick Setup'!$G50,if(EL6='Quick Setup'!$H$47,'Quick Setup'!$H50,if(EL6='Quick Setup'!$I$47,'Quick Setup'!$I50,if(EL6='Quick Setup'!$J$47,'Quick Setup'!$J50,if(EL6='Quick Setup'!$K$47,'Quick Setup'!$K50,if(EL6='Quick Setup'!$L$47,'Quick Setup'!$L50,if(EL6='Quick Setup'!$M$47,'Quick Setup'!$M50,if(EL6='Quick Setup'!$N$47,'Quick Setup'!$N50,if(EL6='Quick Setup'!$O$47,'Quick Setup'!$O50,if(EL6='Quick Setup'!$P$47,'Quick Setup'!$P50,if(EL6='Quick Setup'!$Q$47,'Quick Setup'!$Q50,if(EL6='Quick Setup'!$R$47,'Quick Setup'!$R50,if(EL6='Quick Setup'!$S$47,'Quick Setup'!$S50,if(EL6='Quick Setup'!$T$47,'Quick Setup'!$T50,if(EL6='Quick Setup'!$U$47,'Quick Setup'!$U50,if(EL6='Quick Setup'!$V$47,'Quick Setup'!$V50,if(EL6='Quick Setup'!$W$47,'Quick Setup'!$W50))))))))))))))))))))) -> 4 | EO6: =EH6 -> 4 | EP6: =EI6 -> 6 | EQ6: =EJ6 -> 0.02 | ER6: =EK6 -> -0.05
A7: ='Quick Setup'!C8 -> OHP | B7: ='Quick Setup'!C64 -> 0.7 | C7: =if(B7='Quick Setup'!$C$33,'Quick Setup'!$C37,if(B7='Quick Setup'!$D$33,'Quick Setup'!$D37,if(B7='Quick Setup'!$E$33,'Quick Setup'!$E37,if(B7='Quick Setup'!$F$33,'Quick Setup'!$F37,if(B7='Quick Setup'!$G$33,'Quick Setup'!$G37,if(B7='Quick Setup'!$H$33,'Quick Setup'!$H37,if(B7='Quick Setup'!$I$33,'Quick Setup'!$I37,if(B7='Quick Setup'!$J$33,'Quick Setup'!$J37,if(B7='Quick Setup'!$K$33,'Quick Setup'!$K37,if(B7='Quick Setup'!$L$33,'Quick Setup'!$L37,if(B7='Quick Setup'!$M$33,'Quick Setup'!$M37,if(B7='Quick Setup'!$N$33,'Quick Setup'!$N37,if(B7='Quick Setup'!$O$33,'Quick Setup'!$O37,if(B7='Quick Setup'!$P$33,'Quick Setup'!$P37,if(B7='Quick Setup'!$Q$33,'Quick Setup'!$Q37,if(B7='Quick Setup'!$R$33,'Quick Setup'!$R37,if(B7='Quick Setup'!$S$33,'Quick Setup'!$S37,if(B7='Quick Setup'!$T$33,'Quick Setup'!$T37,if(B7='Quick Setup'!$U$33,'Quick Setup'!$U37,if(B7='Quick Setup'!$V$33,'Quick Setup'!$V37,'Quick Setup'!W37)))))))))))))))))))) -> 5 | D7: =if(B7='Quick Setup'!$C$47,'Quick Setup'!$C51,if(B7='Quick Setup'!$D$47,'Quick Setup'!$D51,if(B7='Quick Setup'!$E$47,'Quick Setup'!$E51,if(B7='Quick Setup'!$F$47,'Quick Setup'!$F51,if(B7='Quick Setup'!$G$47,'Quick Setup'!$G51,if(B7='Quick Setup'!$H$47,'Quick Setup'!$H51,if(B7='Quick Setup'!$I$47,'Quick Setup'!$I51,if(B7='Quick Setup'!$J$47,'Quick Setup'!$J51,if(B7='Quick Setup'!$K$47,'Quick Setup'!$K51,if(B7='Quick Setup'!$L$47,'Quick Setup'!$L51,if(B7='Quick Setup'!$M$47,'Quick Setup'!$M51,if(B7='Quick Setup'!$N$47,'Quick Setup'!$N51,if(B7='Quick Setup'!$O$47,'Quick Setup'!$O51,if(B7='Quick Setup'!$P$47,'Quick Setup'!$P51,if(B7='Quick Setup'!$Q$47,'Quick Setup'!$Q51,if(B7='Quick Setup'!$R$47,'Quick Setup'!$R51,if(B7='Quick Setup'!$S$47,'Quick Setup'!$S51,if(B7='Quick Setup'!$T$47,'Quick Setup'!$T51,if(B7='Quick Setup'!$U$47,'Quick Setup'!$U51,if(B7='Quick Setup'!$V$47,'Quick Setup'!$V51,if(B7='Quick Setup'!$W$47,'Quick Setup'!$W51))))))))))))))))))))) -> 3 | E7: ='Quick Setup'!H9 -> 4 | F7: ='Quick Setup'!I9 -> 6 | G7: ='Quick Setup'!J9 -> 0.02 | H7: ='Quick Setup'!K9 -> -0.05 | I7: ='Quick Setup'!D64 -> 0.75 | J7: =if(I7='Quick Setup'!$C$33,'Quick Setup'!$C37,if(I7='Quick Setup'!$D$33,'Quick Setup'!$D37,if(I7='Quick Setup'!$E$33,'Quick Setup'!$E37,if(I7='Quick Setup'!$F$33,'Quick Setup'!$F37,if(I7='Quick Setup'!$G$33,'Quick Setup'!$G37,if(I7='Quick Setup'!$H$33,'Quick Setup'!$H37,if(I7='Quick Setup'!$I$33,'Quick Setup'!$I37,if(I7='Quick Setup'!$J$33,'Quick Setup'!$J37,if(I7='Quick Setup'!$K$33,'Quick Setup'!$K37,if(I7='Quick Setup'!$L$33,'Quick Setup'!$L37,if(I7='Quick Setup'!$M$33,'Quick Setup'!$M37,if(I7='Quick Setup'!$N$33,'Quick Setup'!$N37,if(I7='Quick Setup'!$O$33,'Quick Setup'!$O37,if(I7='Quick Setup'!$P$33,'Quick Setup'!$P37,if(I7='Quick Setup'!$Q$33,'Quick Setup'!$Q37,if(I7='Quick Setup'!$R$33,'Quick Setup'!$R37,if(I7='Quick Setup'!$S$33,'Quick Setup'!$S37,if(I7='Quick Setup'!$T$33,'Quick Setup'!$T37,if(I7='Quick Setup'!$U$33,'Quick Setup'!$U37,if(I7='Quick Setup'!$V$33,'Quick Setup'!$V37,'2x'!AD20)))))))))))))))))))) -> 4 | K7: =if(I7='Quick Setup'!$C$47,'Quick Setup'!$C51,if(I7='Quick Setup'!$D$47,'Quick Setup'!$D51,if(I7='Quick Setup'!$E$47,'Quick Setup'!$E51,if(I7='Quick Setup'!$F$47,'Quick Setup'!$F51,if(I7='Quick Setup'!$G$47,'Quick Setup'!$G51,if(I7='Quick Setup'!$H$47,'Quick Setup'!$H51,if(I7='Quick Setup'!$I$47,'Quick Setup'!$I51,if(I7='Quick Setup'!$J$47,'Quick Setup'!$J51,if(I7='Quick Setup'!$K$47,'Quick Setup'!$K51,if(I7='Quick Setup'!$L$47,'Quick Setup'!$L51,if(I7='Quick Setup'!$M$47,'Quick Setup'!$M51,if(I7='Quick Setup'!$N$47,'Quick Setup'!$N51,if(I7='Quick Setup'!$O$47,'Quick Setup'!$O51,if(I7='Quick Setup'!$P$47,'Quick Setup'!$P51,if(I7='Quick Setup'!$Q$47,'Quick Setup'!$Q51,if(I7='Quick Setup'!$R$47,'Quick Setup'!$R51,if(I7='Quick Setup'!$S$47,'Quick Setup'!$S51,if(I7='Quick Setup'!$T$47,'Quick Setup'!$T51,if(I7='Quick Setup'!$U$47,'Quick Setup'!$U51,if(I7='Quick Setup'!$V$47,'Quick Setup'!$V51,if(I7='Quick Setup'!$W$47,'Quick Setup'!$W51))))))))))))))))))))) -> 3 | L7: =E7 -> 4 | M7: =F7 -> 6 | N7: =G7 -> 0.02 | O7: =H7 -> -0.05 | P7: ='Quick Setup'!E64 -> 0.8 | Q7: =if(P7='Quick Setup'!$C$33,'Quick Setup'!$C37,if(P7='Quick Setup'!$D$33,'Quick Setup'!$D37,if(P7='Quick Setup'!$E$33,'Quick Setup'!$E37,if(P7='Quick Setup'!$F$33,'Quick Setup'!$F37,if(P7='Quick Setup'!$G$33,'Quick Setup'!$G37,if(P7='Quick Setup'!$H$33,'Quick Setup'!$H37,if(P7='Quick Setup'!$I$33,'Quick Setup'!$I37,if(P7='Quick Setup'!$J$33,'Quick Setup'!$J37,if(P7='Quick Setup'!$K$33,'Quick Setup'!$K37,if(P7='Quick Setup'!$L$33,'Quick Setup'!$L37,if(P7='Quick Setup'!$M$33,'Quick Setup'!$M37,if(P7='Quick Setup'!$N$33,'Quick Setup'!$N37,if(P7='Quick Setup'!$O$33,'Quick Setup'!$O37,if(P7='Quick Setup'!$P$33,'Quick Setup'!$P37,if(P7='Quick Setup'!$Q$33,'Quick Setup'!$Q37,if(P7='Quick Setup'!$R$33,'Quick Setup'!$R37,if(P7='Quick Setup'!$S$33,'Quick Setup'!$S37,if(P7='Quick Setup'!$T$33,'Quick Setup'!$T37,if(P7='Quick Setup'!$U$33,'Quick Setup'!$U37,if(P7='Quick Setup'!$V$33,'Quick Setup'!$V37,'2x'!AK20)))))))))))))))))))) -> 3 | R7: =if(P7='Quick Setup'!$C$47,'Quick Setup'!$C51,if(P7='Quick Setup'!$D$47,'Quick Setup'!$D51,if(P7='Quick Setup'!$E$47,'Quick Setup'!$E51,if(P7='Quick Setup'!$F$47,'Quick Setup'!$F51,if(P7='Quick Setup'!$G$47,'Quick Setup'!$G51,if(P7='Quick Setup'!$H$47,'Quick Setup'!$H51,if(P7='Quick Setup'!$I$47,'Quick Setup'!$I51,if(P7='Quick Setup'!$J$47,'Quick Setup'!$J51,if(P7='Quick Setup'!$K$47,'Quick Setup'!$K51,if(P7='Quick Setup'!$L$47,'Quick Setup'!$L51,if(P7='Quick Setup'!$M$47,'Quick Setup'!$M51,if(P7='Quick Setup'!$N$47,'Quick Setup'!$N51,if(P7='Quick Setup'!$O$47,'Quick Setup'!$O51,if(P7='Quick Setup'!$P$47,'Quick Setup'!$P51,if(P7='Quick Setup'!$Q$47,'Quick Setup'!$Q51,if(P7='Quick Setup'!$R$47,'Quick Setup'!$R51,if(P7='Quick Setup'!$S$47,'Quick Setup'!$S51,if(P7='Quick Setup'!$T$47,'Quick Setup'!$T51,if(P7='Quick Setup'!$U$47,'Quick Setup'!$U51,if(P7='Quick Setup'!$V$47,'Quick Setup'!$V51,if(P7='Quick Setup'!$W$47,'Quick Setup'!$W51))))))))))))))))))))) -> 2 | S7: =L7 -> 4 | T7: =M7 -> 6 | U7: =N7 -> 0.02 | V7: =O7 -> -0.05 | W7: ='Quick Setup'!F64 -> 0.725 | X7: =if(W7='Quick Setup'!$C$33,'Quick Setup'!$C37,if(W7='Quick Setup'!$D$33,'Quick Setup'!$D37,if(W7='Quick Setup'!$E$33,'Quick Setup'!$E37,if(W7='Quick Setup'!$F$33,'Quick Setup'!$F37,if(W7='Quick Setup'!$G$33,'Quick Setup'!$G37,if(W7='Quick Setup'!$H$33,'Quick Setup'!$H37,if(W7='Quick Setup'!$I$33,'Quick Setup'!$I37,if(W7='Quick Setup'!$J$33,'Quick Setup'!$J37,if(W7='Quick Setup'!$K$33,'Quick Setup'!$K37,if(W7='Quick Setup'!$L$33,'Quick Setup'!$L37,if(W7='Quick Setup'!$M$33,'Quick Setup'!$M37,if(W7='Quick Setup'!$N$33,'Quick Setup'!$N37,if(W7='Quick Setup'!$O$33,'Quick Setup'!$O37,if(W7='Quick Setup'!$P$33,'Quick Setup'!$P37,if(W7='Quick Setup'!$Q$33,'Quick Setup'!$Q37,if(W7='Quick Setup'!$R$33,'Quick Setup'!$R37,if(W7='Quick Setup'!$S$33,'Quick Setup'!$S37,if(W7='Quick Setup'!$T$33,'Quick Setup'!$T37,if(W7='Quick Setup'!$U$33,'Quick Setup'!$U37,if(W7='Quick Setup'!$V$33,'Quick Setup'!$V37,'2x'!AR20)))))))))))))))))))) -> 5 | Y7: =if(W7='Quick Setup'!$C$47,'Quick Setup'!$C51,if(W7='Quick Setup'!$D$47,'Quick Setup'!$D51,if(W7='Quick Setup'!$E$47,'Quick Setup'!$E51,if(W7='Quick Setup'!$F$47,'Quick Setup'!$F51,if(W7='Quick Setup'!$G$47,'Quick Setup'!$G51,if(W7='Quick Setup'!$H$47,'Quick Setup'!$H51,if(W7='Quick Setup'!$I$47,'Quick Setup'!$I51,if(W7='Quick Setup'!$J$47,'Quick Setup'!$J51,if(W7='Quick Setup'!$K$47,'Quick Setup'!$K51,if(W7='Quick Setup'!$L$47,'Quick Setup'!$L51,if(W7='Quick Setup'!$M$47,'Quick Setup'!$M51,if(W7='Quick Setup'!$N$47,'Quick Setup'!$N51,if(W7='Quick Setup'!$O$47,'Quick Setup'!$O51,if(W7='Quick Setup'!$P$47,'Quick Setup'!$P51,if(W7='Quick Setup'!$Q$47,'Quick Setup'!$Q51,if(W7='Quick Setup'!$R$47,'Quick Setup'!$R51,if(W7='Quick Setup'!$S$47,'Quick Setup'!$S51,if(W7='Quick Setup'!$T$47,'Quick Setup'!$T51,if(W7='Quick Setup'!$U$47,'Quick Setup'!$U51,if(W7='Quick Setup'!$V$47,'Quick Setup'!$V51,if(W7='Quick Setup'!$W$47,'Quick Setup'!$W51))))))))))))))))))))) -> 3 | Z7: =S7 -> 4 | AA7: =T7 -> 6 | AB7: =U7 -> 0.02 | AC7: =V7 -> -0.05 | AD7: ='Quick Setup'!G64 -> 0.775 | AE7: =if(AD7='Quick Setup'!$C$33,'Quick Setup'!$C37,if(AD7='Quick Setup'!$D$33,'Quick Setup'!$D37,if(AD7='Quick Setup'!$E$33,'Quick Setup'!$E37,if(AD7='Quick Setup'!$F$33,'Quick Setup'!$F37,if(AD7='Quick Setup'!$G$33,'Quick Setup'!$G37,if(AD7='Quick Setup'!$H$33,'Quick Setup'!$H37,if(AD7='Quick Setup'!$I$33,'Quick Setup'!$I37,if(AD7='Quick Setup'!$J$33,'Quick Setup'!$J37,if(AD7='Quick Setup'!$K$33,'Quick Setup'!$K37,if(AD7='Quick Setup'!$L$33,'Quick Setup'!$L37,if(AD7='Quick Setup'!$M$33,'Quick Setup'!$M37,if(AD7='Quick Setup'!$N$33,'Quick Setup'!$N37,if(AD7='Quick Setup'!$O$33,'Quick Setup'!$O37,if(AD7='Quick Setup'!$P$33,'Quick Setup'!$P37,if(AD7='Quick Setup'!$Q$33,'Quick Setup'!$Q37,if(AD7='Quick Setup'!$R$33,'Quick Setup'!$R37,if(AD7='Quick Setup'!$S$33,'Quick Setup'!$S37,if(AD7='Quick Setup'!$T$33,'Quick Setup'!$T37,if(AD7='Quick Setup'!$U$33,'Quick Setup'!$U37,if(AD7='Quick Setup'!$V$33,'Quick Setup'!$V37,'2x'!AY20)))))))))))))))))))) -> 4 | AF7: =if(AD7='Quick Setup'!$C$47,'Quick Setup'!$C51,if(AD7='Quick Setup'!$D$47,'Quick Setup'!$D51,if(AD7='Quick Setup'!$E$47,'Quick Setup'!$E51,if(AD7='Quick Setup'!$F$47,'Quick Setup'!$F51,if(AD7='Quick Setup'!$G$47,'Quick Setup'!$G51,if(AD7='Quick Setup'!$H$47,'Quick Setup'!$H51,if(AD7='Quick Setup'!$I$47,'Quick Setup'!$I51,if(AD7='Quick Setup'!$J$47,'Quick Setup'!$J51,if(AD7='Quick Setup'!$K$47,'Quick Setup'!$K51,if(AD7='Quick Setup'!$L$47,'Quick Setup'!$L51,if(AD7='Quick Setup'!$M$47,'Quick Setup'!$M51,if(AD7='Quick Setup'!$N$47,'Quick Setup'!$N51,if(AD7='Quick Setup'!$O$47,'Quick Setup'!$O51,if(AD7='Quick Setup'!$P$47,'Quick Setup'!$P51,if(AD7='Quick Setup'!$Q$47,'Quick Setup'!$Q51,if(AD7='Quick Setup'!$R$47,'Quick Setup'!$R51,if(AD7='Quick Setup'!$S$47,'Quick Setup'!$S51,if(AD7='Quick Setup'!$T$47,'Quick Setup'!$T51,if(AD7='Quick Setup'!$U$47,'Quick Setup'!$U51,if(AD7='Quick Setup'!$V$47,'Quick Setup'!$V51,if(AD7='Quick Setup'!$W$47,'Quick Setup'!$W51))))))))))))))))))))) -> 3 | AG7: =Z7 -> 4 | AH7: =AA7 -> 6 | AI7: =AB7 -> 0.02 | AJ7: =AC7 -> -0.05 | AK7: ='Quick Setup'!H64 -> 0.825 | AL7: =if(AK7='Quick Setup'!$C$33,'Quick Setup'!$C37,if(AK7='Quick Setup'!$D$33,'Quick Setup'!$D37,if(AK7='Quick Setup'!$E$33,'Quick Setup'!$E37,if(AK7='Quick Setup'!$F$33,'Quick Setup'!$F37,if(AK7='Quick Setup'!$G$33,'Quick Setup'!$G37,if(AK7='Quick Setup'!$H$33,'Quick Setup'!$H37,if(AK7='Quick Setup'!$I$33,'Quick Setup'!$I37,if(AK7='Quick Setup'!$J$33,'Quick Setup'!$J37,if(AK7='Quick Setup'!$K$33,'Quick Setup'!$K37,if(AK7='Quick Setup'!$L$33,'Quick Setup'!$L37,if(AK7='Quick Setup'!$M$33,'Quick Setup'!$M37,if(AK7='Quick Setup'!$N$33,'Quick Setup'!$N37,if(AK7='Quick Setup'!$O$33,'Quick Setup'!$O37,if(AK7='Quick Setup'!$P$33,'Quick Setup'!$P37,if(AK7='Quick Setup'!$Q$33,'Quick Setup'!$Q37,if(AK7='Quick Setup'!$R$33,'Quick Setup'!$R37,if(AK7='Quick Setup'!$S$33,'Quick Setup'!$S37,if(AK7='Quick Setup'!$T$33,'Quick Setup'!$T37,if(AK7='Quick Setup'!$U$33,'Quick Setup'!$U37,if(AK7='Quick Setup'!$V$33,'Quick Setup'!$V37,'2x'!BF20)))))))))))))))))))) -> 3 | AM7: =if(AK7='Quick Setup'!$C$47,'Quick Setup'!$C51,if(AK7='Quick Setup'!$D$47,'Quick Setup'!$D51,if(AK7='Quick Setup'!$E$47,'Quick Setup'!$E51,if(AK7='Quick Setup'!$F$47,'Quick Setup'!$F51,if(AK7='Quick Setup'!$G$47,'Quick Setup'!$G51,if(AK7='Quick Setup'!$H$47,'Quick Setup'!$H51,if(AK7='Quick Setup'!$I$47,'Quick Setup'!$I51,if(AK7='Quick Setup'!$J$47,'Quick Setup'!$J51,if(AK7='Quick Setup'!$K$47,'Quick Setup'!$K51,if(AK7='Quick Setup'!$L$47,'Quick Setup'!$L51,if(AK7='Quick Setup'!$M$47,'Quick Setup'!$M51,if(AK7='Quick Setup'!$N$47,'Quick Setup'!$N51,if(AK7='Quick Setup'!$O$47,'Quick Setup'!$O51,if(AK7='Quick Setup'!$P$47,'Quick Setup'!$P51,if(AK7='Quick Setup'!$Q$47,'Quick Setup'!$Q51,if(AK7='Quick Setup'!$R$47,'Quick Setup'!$R51,if(AK7='Quick Setup'!$S$47,'Quick Setup'!$S51,if(AK7='Quick Setup'!$T$47,'Quick Setup'!$T51,if(AK7='Quick Setup'!$U$47,'Quick Setup'!$U51,if(AK7='Quick Setup'!$V$47,'Quick Setup'!$V51,if(AK7='Quick Setup'!$W$47,'Quick Setup'!$W51))))))))))))))))))))) -> 2 | AN7: =AG7 -> 4 | AO7: =AH7 -> 6 | AP7: =AI7 -> 0.02 | AQ7: =AJ7 -> -0.05 | AR7: ='Quick Setup'!I64 -> 0.6 | AS7: =if(AR7='Quick Setup'!$C$33,'Quick Setup'!$C37,if(AR7='Quick Setup'!$D$33,'Quick Setup'!$D37,if(AR7='Quick Setup'!$E$33,'Quick Setup'!$E37,if(AR7='Quick Setup'!$F$33,'Quick Setup'!$F37,if(AR7='Quick Setup'!$G$33,'Quick Setup'!$G37,if(AR7='Quick Setup'!$H$33,'Quick Setup'!$H37,if(AR7='Quick Setup'!$I$33,'Quick Setup'!$I37,if(AR7='Quick Setup'!$J$33,'Quick Setup'!$J37,if(AR7='Quick Setup'!$K$33,'Quick Setup'!$K37,if(AR7='Quick Setup'!$L$33,'Quick Setup'!$L37,if(AR7='Quick Setup'!$M$33,'Quick Setup'!$M37,if(AR7='Quick Setup'!$N$33,'Quick Setup'!$N37,if(AR7='Quick Setup'!$O$33,'Quick Setup'!$O37,if(AR7='Quick Setup'!$P$33,'Quick Setup'!$P37,if(AR7='Quick Setup'!$Q$33,'Quick Setup'!$Q37,if(AR7='Quick Setup'!$R$33,'Quick Setup'!$R37,if(AR7='Quick Setup'!$S$33,'Quick Setup'!$S37,if(AR7='Quick Setup'!$T$33,'Quick Setup'!$T37,if(AR7='Quick Setup'!$U$33,'Quick Setup'!$U37,if(AR7='Quick Setup'!$V$33,'Quick Setup'!$V37,'2x'!BM20)))))))))))))))))))) -> 7 | AT7: =if(AR7='Quick Setup'!$C$47,'Quick Setup'!$C51,if(AR7='Quick Setup'!$D$47,'Quick Setup'!$D51,if(AR7='Quick Setup'!$E$47,'Quick Setup'!$E51,if(AR7='Quick Setup'!$F$47,'Quick Setup'!$F51,if(AR7='Quick Setup'!$G$47,'Quick Setup'!$G51,if(AR7='Quick Setup'!$H$47,'Quick Setup'!$H51,if(AR7='Quick Setup'!$I$47,'Quick Setup'!$I51,if(AR7='Quick Setup'!$J$47,'Quick Setup'!$J51,if(AR7='Quick Setup'!$K$47,'Quick Setup'!$K51,if(AR7='Quick Setup'!$L$47,'Quick Setup'!$L51,if(AR7='Quick Setup'!$M$47,'Quick Setup'!$M51,if(AR7='Quick Setup'!$N$47,'Quick Setup'!$N51,if(AR7='Quick Setup'!$O$47,'Quick Setup'!$O51,if(AR7='Quick Setup'!$P$47,'Quick Setup'!$P51,if(AR7='Quick Setup'!$Q$47,'Quick Setup'!$Q51,if(AR7='Quick Setup'!$R$47,'Quick Setup'!$R51,if(AR7='Quick Setup'!$S$47,'Quick Setup'!$S51,if(AR7='Quick Setup'!$T$47,'Quick Setup'!$T51,if(AR7='Quick Setup'!$U$47,'Quick Setup'!$U51,if(AR7='Quick Setup'!$V$47,'Quick Setup'!$V51,if(AR7='Quick Setup'!$W$47,'Quick Setup'!$W51))))))))))))))))))))) -> 4 | AU7: =AN7 -> 4 | AV7: =AO7 -> 6 | AW7: =AP7 -> 0.02 | AX7: =AQ7 -> -0.05 | AY7: ='Quick Setup'!J64 -> 0.75 | AZ7: =if(AY7='Quick Setup'!$C$33,'Quick Setup'!$C37,if(AY7='Quick Setup'!$D$33,'Quick Setup'!$D37,if(AY7='Quick Setup'!$E$33,'Quick Setup'!$E37,if(AY7='Quick Setup'!$F$33,'Quick Setup'!$F37,if(AY7='Quick Setup'!$G$33,'Quick Setup'!$G37,if(AY7='Quick Setup'!$H$33,'Quick Setup'!$H37,if(AY7='Quick Setup'!$I$33,'Quick Setup'!$I37,if(AY7='Quick Setup'!$J$33,'Quick Setup'!$J37,if(AY7='Quick Setup'!$K$33,'Quick Setup'!$K37,if(AY7='Quick Setup'!$L$33,'Quick Setup'!$L37,if(AY7='Quick Setup'!$M$33,'Quick Setup'!$M37,if(AY7='Quick Setup'!$N$33,'Quick Setup'!$N37,if(AY7='Quick Setup'!$O$33,'Quick Setup'!$O37,if(AY7='Quick Setup'!$P$33,'Quick Setup'!$P37,if(AY7='Quick Setup'!$Q$33,'Quick Setup'!$Q37,if(AY7='Quick Setup'!$R$33,'Quick Setup'!$R37,if(AY7='Quick Setup'!$S$33,'Quick Setup'!$S37,if(AY7='Quick Setup'!$T$33,'Quick Setup'!$T37,if(AY7='Quick Setup'!$U$33,'Quick Setup'!$U37,if(AY7='Quick Setup'!$V$33,'Quick Setup'!$V37,'2x'!BT20)))))))))))))))))))) -> 4 | BA7: =if(AY7='Quick Setup'!$C$47,'Quick Setup'!$C51,if(AY7='Quick Setup'!$D$47,'Quick Setup'!$D51,if(AY7='Quick Setup'!$E$47,'Quick Setup'!$E51,if(AY7='Quick Setup'!$F$47,'Quick Setup'!$F51,if(AY7='Quick Setup'!$G$47,'Quick Setup'!$G51,if(AY7='Quick Setup'!$H$47,'Quick Setup'!$H51,if(AY7='Quick Setup'!$I$47,'Quick Setup'!$I51,if(AY7='Quick Setup'!$J$47,'Quick Setup'!$J51,if(AY7='Quick Setup'!$K$47,'Quick Setup'!$K51,if(AY7='Quick Setup'!$L$47,'Quick Setup'!$L51,if(AY7='Quick Setup'!$M$47,'Quick Setup'!$M51,if(AY7='Quick Setup'!$N$47,'Quick Setup'!$N51,if(AY7='Quick Setup'!$O$47,'Quick Setup'!$O51,if(AY7='Quick Setup'!$P$47,'Quick Setup'!$P51,if(AY7='Quick Setup'!$Q$47,'Quick Setup'!$Q51,if(AY7='Quick Setup'!$R$47,'Quick Setup'!$R51,if(AY7='Quick Setup'!$S$47,'Quick Setup'!$S51,if(AY7='Quick Setup'!$T$47,'Quick Setup'!$T51,if(AY7='Quick Setup'!$U$47,'Quick Setup'!$U51,if(AY7='Quick Setup'!$V$47,'Quick Setup'!$V51,if(AY7='Quick Setup'!$W$47,'Quick Setup'!$W51))))))))))))))))))))) -> 3 | BB7: =AU7 -> 4 | BC7: =AV7 -> 6 | BD7: =AW7 -> 0.02 | BE7: =AX7 -> -0.05 | BF7: ='Quick Setup'!K64 -> 0.8 | BG7: =if(BF7='Quick Setup'!$C$33,'Quick Setup'!$C37,if(BF7='Quick Setup'!$D$33,'Quick Setup'!$D37,if(BF7='Quick Setup'!$E$33,'Quick Setup'!$E37,if(BF7='Quick Setup'!$F$33,'Quick Setup'!$F37,if(BF7='Quick Setup'!$G$33,'Quick Setup'!$G37,if(BF7='Quick Setup'!$H$33,'Quick Setup'!$H37,if(BF7='Quick Setup'!$I$33,'Quick Setup'!$I37,if(BF7='Quick Setup'!$J$33,'Quick Setup'!$J37,if(BF7='Quick Setup'!$K$33,'Quick Setup'!$K37,if(BF7='Quick Setup'!$L$33,'Quick Setup'!$L37,if(BF7='Quick Setup'!$M$33,'Quick Setup'!$M37,if(BF7='Quick Setup'!$N$33,'Quick Setup'!$N37,if(BF7='Quick Setup'!$O$33,'Quick Setup'!$O37,if(BF7='Quick Setup'!$P$33,'Quick Setup'!$P37,if(BF7='Quick Setup'!$Q$33,'Quick Setup'!$Q37,if(BF7='Quick Setup'!$R$33,'Quick Setup'!$R37,if(BF7='Quick Setup'!$S$33,'Quick Setup'!$S37,if(BF7='Quick Setup'!$T$33,'Quick Setup'!$T37,if(BF7='Quick Setup'!$U$33,'Quick Setup'!$U37,if(BF7='Quick Setup'!$V$33,'Quick Setup'!$V37,'2x'!CA20)))))))))))))))))))) -> 3 | BH7: =if(BF7='Quick Setup'!$C$47,'Quick Setup'!$C51,if(BF7='Quick Setup'!$D$47,'Quick Setup'!$D51,if(BF7='Quick Setup'!$E$47,'Quick Setup'!$E51,if(BF7='Quick Setup'!$F$47,'Quick Setup'!$F51,if(BF7='Quick Setup'!$G$47,'Quick Setup'!$G51,if(BF7='Quick Setup'!$H$47,'Quick Setup'!$H51,if(BF7='Quick Setup'!$I$47,'Quick Setup'!$I51,if(BF7='Quick Setup'!$J$47,'Quick Setup'!$J51,if(BF7='Quick Setup'!$K$47,'Quick Setup'!$K51,if(BF7='Quick Setup'!$L$47,'Quick Setup'!$L51,if(BF7='Quick Setup'!$M$47,'Quick Setup'!$M51,if(BF7='Quick Setup'!$N$47,'Quick Setup'!$N51,if(BF7='Quick Setup'!$O$47,'Quick Setup'!$O51,if(BF7='Quick Setup'!$P$47,'Quick Setup'!$P51,if(BF7='Quick Setup'!$Q$47,'Quick Setup'!$Q51,if(BF7='Quick Setup'!$R$47,'Quick Setup'!$R51,if(BF7='Quick Setup'!$S$47,'Quick Setup'!$S51,if(BF7='Quick Setup'!$T$47,'Quick Setup'!$T51,if(BF7='Quick Setup'!$U$47,'Quick Setup'!$U51,if(BF7='Quick Setup'!$V$47,'Quick Setup'!$V51,if(BF7='Quick Setup'!$W$47,'Quick Setup'!$W51))))))))))))))))))))) -> 2 | BI7: =BB7 -> 4 | BJ7: =BC7 -> 6 | BK7: =BD7 -> 0.02 | BL7: =BE7 -> -0.05 | BM7: ='Quick Setup'!L64 -> 0.85 | BN7: =if(BM7='Quick Setup'!$C$33,'Quick Setup'!$C37,if(BM7='Quick Setup'!$D$33,'Quick Setup'!$D37,if(BM7='Quick Setup'!$E$33,'Quick Setup'!$E37,if(BM7='Quick Setup'!$F$33,'Quick Setup'!$F37,if(BM7='Quick Setup'!$G$33,'Quick Setup'!$G37,if(BM7='Quick Setup'!$H$33,'Quick Setup'!$H37,if(BM7='Quick Setup'!$I$33,'Quick Setup'!$I37,if(BM7='Quick Setup'!$J$33,'Quick Setup'!$J37,if(BM7='Quick Setup'!$K$33,'Quick Setup'!$K37,if(BM7='Quick Setup'!$L$33,'Quick Setup'!$L37,if(BM7='Quick Setup'!$M$33,'Quick Setup'!$M37,if(BM7='Quick Setup'!$N$33,'Quick Setup'!$N37,if(BM7='Quick Setup'!$O$33,'Quick Setup'!$O37,if(BM7='Quick Setup'!$P$33,'Quick Setup'!$P37,if(BM7='Quick Setup'!$Q$33,'Quick Setup'!$Q37,if(BM7='Quick Setup'!$R$33,'Quick Setup'!$R37,if(BM7='Quick Setup'!$S$33,'Quick Setup'!$S37,if(BM7='Quick Setup'!$T$33,'Quick Setup'!$T37,if(BM7='Quick Setup'!$U$33,'Quick Setup'!$U37,if(BM7='Quick Setup'!$V$33,'Quick Setup'!$V37,'2x'!CH20)))))))))))))))))))) -> 2 | BO7: =if(BM7='Quick Setup'!$C$47,'Quick Setup'!$C51,if(BM7='Quick Setup'!$D$47,'Quick Setup'!$D51,if(BM7='Quick Setup'!$E$47,'Quick Setup'!$E51,if(BM7='Quick Setup'!$F$47,'Quick Setup'!$F51,if(BM7='Quick Setup'!$G$47,'Quick Setup'!$G51,if(BM7='Quick Setup'!$H$47,'Quick Setup'!$H51,if(BM7='Quick Setup'!$I$47,'Quick Setup'!$I51,if(BM7='Quick Setup'!$J$47,'Quick Setup'!$J51,if(BM7='Quick Setup'!$K$47,'Quick Setup'!$K51,if(BM7='Quick Setup'!$L$47,'Quick Setup'!$L51,if(BM7='Quick Setup'!$M$47,'Quick Setup'!$M51,if(BM7='Quick Setup'!$N$47,'Quick Setup'!$N51,if(BM7='Quick Setup'!$O$47,'Quick Setup'!$O51,if(BM7='Quick Setup'!$P$47,'Quick Setup'!$P51,if(BM7='Quick Setup'!$Q$47,'Quick Setup'!$Q51,if(BM7='Quick Setup'!$R$47,'Quick Setup'!$R51,if(BM7='Quick Setup'!$S$47,'Quick Setup'!$S51,if(BM7='Quick Setup'!$T$47,'Quick Setup'!$T51,if(BM7='Quick Setup'!$U$47,'Quick Setup'!$U51,if(BM7='Quick Setup'!$V$47,'Quick Setup'!$V51,if(BM7='Quick Setup'!$W$47,'Quick Setup'!$W51))))))))))))))))))))) -> 2 | BP7: =BI7 -> 4 | BQ7: =BJ7 -> 6 | BR7: =BK7 -> 0.02 | BS7: =BL7 -> -0.05 | BT7: ='Quick Setup'!M64 -> 0.775 | BU7: =if(BT7='Quick Setup'!$C$33,'Quick Setup'!$C37,if(BT7='Quick Setup'!$D$33,'Quick Setup'!$D37,if(BT7='Quick Setup'!$E$33,'Quick Setup'!$E37,if(BT7='Quick Setup'!$F$33,'Quick Setup'!$F37,if(BT7='Quick Setup'!$G$33,'Quick Setup'!$G37,if(BT7='Quick Setup'!$H$33,'Quick Setup'!$H37,if(BT7='Quick Setup'!$I$33,'Quick Setup'!$I37,if(BT7='Quick Setup'!$J$33,'Quick Setup'!$J37,if(BT7='Quick Setup'!$K$33,'Quick Setup'!$K37,if(BT7='Quick Setup'!$L$33,'Quick Setup'!$L37,if(BT7='Quick Setup'!$M$33,'Quick Setup'!$M37,if(BT7='Quick Setup'!$N$33,'Quick Setup'!$N37,if(BT7='Quick Setup'!$O$33,'Quick Setup'!$O37,if(BT7='Quick Setup'!$P$33,'Quick Setup'!$P37,if(BT7='Quick Setup'!$Q$33,'Quick Setup'!$Q37,if(BT7='Quick Setup'!$R$33,'Quick Setup'!$R37,if(BT7='Quick Setup'!$S$33,'Quick Setup'!$S37,if(BT7='Quick Setup'!$T$33,'Quick Setup'!$T37,if(BT7='Quick Setup'!$U$33,'Quick Setup'!$U37,if(BT7='Quick Setup'!$V$33,'Quick Setup'!$V37,'2x'!CO20)))))))))))))))))))) -> 4 | BV7: =if(BT7='Quick Setup'!$C$47,'Quick Setup'!$C51,if(BT7='Quick Setup'!$D$47,'Quick Setup'!$D51,if(BT7='Quick Setup'!$E$47,'Quick Setup'!$E51,if(BT7='Quick Setup'!$F$47,'Quick Setup'!$F51,if(BT7='Quick Setup'!$G$47,'Quick Setup'!$G51,if(BT7='Quick Setup'!$H$47,'Quick Setup'!$H51,if(BT7='Quick Setup'!$I$47,'Quick Setup'!$I51,if(BT7='Quick Setup'!$J$47,'Quick Setup'!$J51,if(BT7='Quick Setup'!$K$47,'Quick Setup'!$K51,if(BT7='Quick Setup'!$L$47,'Quick Setup'!$L51,if(BT7='Quick Setup'!$M$47,'Quick Setup'!$M51,if(BT7='Quick Setup'!$N$47,'Quick Setup'!$N51,if(BT7='Quick Setup'!$O$47,'Quick Setup'!$O51,if(BT7='Quick Setup'!$P$47,'Quick Setup'!$P51,if(BT7='Quick Setup'!$Q$47,'Quick Setup'!$Q51,if(BT7='Quick Setup'!$R$47,'Quick Setup'!$R51,if(BT7='Quick Setup'!$S$47,'Quick Setup'!$S51,if(BT7='Quick Setup'!$T$47,'Quick Setup'!$T51,if(BT7='Quick Setup'!$U$47,'Quick Setup'!$U51,if(BT7='Quick Setup'!$V$47,'Quick Setup'!$V51,if(BT7='Quick Setup'!$W$47,'Quick Setup'!$W51))))))))))))))))))))) -> 3 | BW7: =BP7 -> 4 | BX7: =BQ7 -> 6 | BY7: =BR7 -> 0.02 | BZ7: =BS7 -> -0.05 | CA7: ='Quick Setup'!N64 -> 0.825 | CB7: =if(CA7='Quick Setup'!$C$33,'Quick Setup'!$C37,if(CA7='Quick Setup'!$D$33,'Quick Setup'!$D37,if(CA7='Quick Setup'!$E$33,'Quick Setup'!$E37,if(CA7='Quick Setup'!$F$33,'Quick Setup'!$F37,if(CA7='Quick Setup'!$G$33,'Quick Setup'!$G37,if(CA7='Quick Setup'!$H$33,'Quick Setup'!$H37,if(CA7='Quick Setup'!$I$33,'Quick Setup'!$I37,if(CA7='Quick Setup'!$J$33,'Quick Setup'!$J37,if(CA7='Quick Setup'!$K$33,'Quick Setup'!$K37,if(CA7='Quick Setup'!$L$33,'Quick Setup'!$L37,if(CA7='Quick Setup'!$M$33,'Quick Setup'!$M37,if(CA7='Quick Setup'!$N$33,'Quick Setup'!$N37,if(CA7='Quick Setup'!$O$33,'Quick Setup'!$O37,if(CA7='Quick Setup'!$P$33,'Quick Setup'!$P37,if(CA7='Quick Setup'!$Q$33,'Quick Setup'!$Q37,if(CA7='Quick Setup'!$R$33,'Quick Setup'!$R37,if(CA7='Quick Setup'!$S$33,'Quick Setup'!$S37,if(CA7='Quick Setup'!$T$33,'Quick Setup'!$T37,if(CA7='Quick Setup'!$U$33,'Quick Setup'!$U37,if(CA7='Quick Setup'!$V$33,'Quick Setup'!$V37,'2x'!CV20)))))))))))))))))))) -> 3 | CC7: =if(CA7='Quick Setup'!$C$47,'Quick Setup'!$C51,if(CA7='Quick Setup'!$D$47,'Quick Setup'!$D51,if(CA7='Quick Setup'!$E$47,'Quick Setup'!$E51,if(CA7='Quick Setup'!$F$47,'Quick Setup'!$F51,if(CA7='Quick Setup'!$G$47,'Quick Setup'!$G51,if(CA7='Quick Setup'!$H$47,'Quick Setup'!$H51,if(CA7='Quick Setup'!$I$47,'Quick Setup'!$I51,if(CA7='Quick Setup'!$J$47,'Quick Setup'!$J51,if(CA7='Quick Setup'!$K$47,'Quick Setup'!$K51,if(CA7='Quick Setup'!$L$47,'Quick Setup'!$L51,if(CA7='Quick Setup'!$M$47,'Quick Setup'!$M51,if(CA7='Quick Setup'!$N$47,'Quick Setup'!$N51,if(CA7='Quick Setup'!$O$47,'Quick Setup'!$O51,if(CA7='Quick Setup'!$P$47,'Quick Setup'!$P51,if(CA7='Quick Setup'!$Q$47,'Quick Setup'!$Q51,if(CA7='Quick Setup'!$R$47,'Quick Setup'!$R51,if(CA7='Quick Setup'!$S$47,'Quick Setup'!$S51,if(CA7='Quick Setup'!$T$47,'Quick Setup'!$T51,if(CA7='Quick Setup'!$U$47,'Quick Setup'!$U51,if(CA7='Quick Setup'!$V$47,'Quick Setup'!$V51,if(CA7='Quick Setup'!$W$47,'Quick Setup'!$W51))))))))))))))))))))) -> 2 | CD7: =BW7 -> 4 | CE7: =BX7 -> 6 | CF7: =BY7 -> 0.02 | CG7: =BZ7 -> -0.05 | CH7: ='Quick Setup'!O64 -> 0.875 | CI7: =if(CH7='Quick Setup'!$C$33,'Quick Setup'!$C37,if(CH7='Quick Setup'!$D$33,'Quick Setup'!$D37,if(CH7='Quick Setup'!$E$33,'Quick Setup'!$E37,if(CH7='Quick Setup'!$F$33,'Quick Setup'!$F37,if(CH7='Quick Setup'!$G$33,'Quick Setup'!$G37,if(CH7='Quick Setup'!$H$33,'Quick Setup'!$H37,if(CH7='Quick Setup'!$I$33,'Quick Setup'!$I37,if(CH7='Quick Setup'!$J$33,'Quick Setup'!$J37,if(CH7='Quick Setup'!$K$33,'Quick Setup'!$K37,if(CH7='Quick Setup'!$L$33,'Quick Setup'!$L37,if(CH7='Quick Setup'!$M$33,'Quick Setup'!$M37,if(CH7='Quick Setup'!$N$33,'Quick Setup'!$N37,if(CH7='Quick Setup'!$O$33,'Quick Setup'!$O37,if(CH7='Quick Setup'!$P$33,'Quick Setup'!$P37,if(CH7='Quick Setup'!$Q$33,'Quick Setup'!$Q37,if(CH7='Quick Setup'!$R$33,'Quick Setup'!$R37,if(CH7='Quick Setup'!$S$33,'Quick Setup'!$S37,if(CH7='Quick Setup'!$T$33,'Quick Setup'!$T37,if(CH7='Quick Setup'!$U$33,'Quick Setup'!$U37,if(CH7='Quick Setup'!$V$33,'Quick Setup'!$V37,'2x'!DC20)))))))))))))))))))) -> 2 | CJ7: =if(CH7='Quick Setup'!$C$47,'Quick Setup'!$C51,if(CH7='Quick Setup'!$D$47,'Quick Setup'!$D51,if(CH7='Quick Setup'!$E$47,'Quick Setup'!$E51,if(CH7='Quick Setup'!$F$47,'Quick Setup'!$F51,if(CH7='Quick Setup'!$G$47,'Quick Setup'!$G51,if(CH7='Quick Setup'!$H$47,'Quick Setup'!$H51,if(CH7='Quick Setup'!$I$47,'Quick Setup'!$I51,if(CH7='Quick Setup'!$J$47,'Quick Setup'!$J51,if(CH7='Quick Setup'!$K$47,'Quick Setup'!$K51,if(CH7='Quick Setup'!$L$47,'Quick Setup'!$L51,if(CH7='Quick Setup'!$M$47,'Quick Setup'!$M51,if(CH7='Quick Setup'!$N$47,'Quick Setup'!$N51,if(CH7='Quick Setup'!$O$47,'Quick Setup'!$O51,if(CH7='Quick Setup'!$P$47,'Quick Setup'!$P51,if(CH7='Quick Setup'!$Q$47,'Quick Setup'!$Q51,if(CH7='Quick Setup'!$R$47,'Quick Setup'!$R51,if(CH7='Quick Setup'!$S$47,'Quick Setup'!$S51,if(CH7='Quick Setup'!$T$47,'Quick Setup'!$T51,if(CH7='Quick Setup'!$U$47,'Quick Setup'!$U51,if(CH7='Quick Setup'!$V$47,'Quick Setup'!$V51,if(CH7='Quick Setup'!$W$47,'Quick Setup'!$W51))))))))))))))))))))) -> 2 | CK7: =CD7 -> 4 | CL7: =CE7 -> 6 | CM7: =CF7 -> 0.02 | CN7: =CG7 -> -0.05 | CO7: ='Quick Setup'!P64 -> 0.6 | CP7: =if(CO7='Quick Setup'!$C$33,'Quick Setup'!$C37,if(CO7='Quick Setup'!$D$33,'Quick Setup'!$D37,if(CO7='Quick Setup'!$E$33,'Quick Setup'!$E37,if(CO7='Quick Setup'!$F$33,'Quick Setup'!$F37,if(CO7='Quick Setup'!$G$33,'Quick Setup'!$G37,if(CO7='Quick Setup'!$H$33,'Quick Setup'!$H37,if(CO7='Quick Setup'!$I$33,'Quick Setup'!$I37,if(CO7='Quick Setup'!$J$33,'Quick Setup'!$J37,if(CO7='Quick Setup'!$K$33,'Quick Setup'!$K37,if(CO7='Quick Setup'!$L$33,'Quick Setup'!$L37,if(CO7='Quick Setup'!$M$33,'Quick Setup'!$M37,if(CO7='Quick Setup'!$N$33,'Quick Setup'!$N37,if(CO7='Quick Setup'!$O$33,'Quick Setup'!$O37,if(CO7='Quick Setup'!$P$33,'Quick Setup'!$P37,if(CO7='Quick Setup'!$Q$33,'Quick Setup'!$Q37,if(CO7='Quick Setup'!$R$33,'Quick Setup'!$R37,if(CO7='Quick Setup'!$S$33,'Quick Setup'!$S37,if(CO7='Quick Setup'!$T$33,'Quick Setup'!$T37,if(CO7='Quick Setup'!$U$33,'Quick Setup'!$U37,if(CO7='Quick Setup'!$V$33,'Quick Setup'!$V37,'2x'!DJ20)))))))))))))))))))) -> 7 | CQ7: =if(CO7='Quick Setup'!$C$47,'Quick Setup'!$C51,if(CO7='Quick Setup'!$D$47,'Quick Setup'!$D51,if(CO7='Quick Setup'!$E$47,'Quick Setup'!$E51,if(CO7='Quick Setup'!$F$47,'Quick Setup'!$F51,if(CO7='Quick Setup'!$G$47,'Quick Setup'!$G51,if(CO7='Quick Setup'!$H$47,'Quick Setup'!$H51,if(CO7='Quick Setup'!$I$47,'Quick Setup'!$I51,if(CO7='Quick Setup'!$J$47,'Quick Setup'!$J51,if(CO7='Quick Setup'!$K$47,'Quick Setup'!$K51,if(CO7='Quick Setup'!$L$47,'Quick Setup'!$L51,if(CO7='Quick Setup'!$M$47,'Quick Setup'!$M51,if(CO7='Quick Setup'!$N$47,'Quick Setup'!$N51,if(CO7='Quick Setup'!$O$47,'Quick Setup'!$O51,if(CO7='Quick Setup'!$P$47,'Quick Setup'!$P51,if(CO7='Quick Setup'!$Q$47,'Quick Setup'!$Q51,if(CO7='Quick Setup'!$R$47,'Quick Setup'!$R51,if(CO7='Quick Setup'!$S$47,'Quick Setup'!$S51,if(CO7='Quick Setup'!$T$47,'Quick Setup'!$T51,if(CO7='Quick Setup'!$U$47,'Quick Setup'!$U51,if(CO7='Quick Setup'!$V$47,'Quick Setup'!$V51,if(CO7='Quick Setup'!$W$47,'Quick Setup'!$W51))))))))))))))))))))) -> 4 | CR7: =CK7 -> 4 | CS7: =CL7 -> 6 | CT7: =CM7 -> 0.02 | CU7: =CN7 -> -0.05 | CV7: ='Quick Setup'!Q64 -> 0.8 | CW7: =if(CV7='Quick Setup'!$C$33,'Quick Setup'!$C37,if(CV7='Quick Setup'!$D$33,'Quick Setup'!$D37,if(CV7='Quick Setup'!$E$33,'Quick Setup'!$E37,if(CV7='Quick Setup'!$F$33,'Quick Setup'!$F37,if(CV7='Quick Setup'!$G$33,'Quick Setup'!$G37,if(CV7='Quick Setup'!$H$33,'Quick Setup'!$H37,if(CV7='Quick Setup'!$I$33,'Quick Setup'!$I37,if(CV7='Quick Setup'!$J$33,'Quick Setup'!$J37,if(CV7='Quick Setup'!$K$33,'Quick Setup'!$K37,if(CV7='Quick Setup'!$L$33,'Quick Setup'!$L37,if(CV7='Quick Setup'!$M$33,'Quick Setup'!$M37,if(CV7='Quick Setup'!$N$33,'Quick Setup'!$N37,if(CV7='Quick Setup'!$O$33,'Quick Setup'!$O37,if(CV7='Quick Setup'!$P$33,'Quick Setup'!$P37,if(CV7='Quick Setup'!$Q$33,'Quick Setup'!$Q37,if(CV7='Quick Setup'!$R$33,'Quick Setup'!$R37,if(CV7='Quick Setup'!$S$33,'Quick Setup'!$S37,if(CV7='Quick Setup'!$T$33,'Quick Setup'!$T37,if(CV7='Quick Setup'!$U$33,'Quick Setup'!$U37,if(CV7='Quick Setup'!$V$33,'Quick Setup'!$V37,'2x'!DQ20)))))))))))))))))))) -> 3 | CX7: =if(CV7='Quick Setup'!$C$47,'Quick Setup'!$C51,if(CV7='Quick Setup'!$D$47,'Quick Setup'!$D51,if(CV7='Quick Setup'!$E$47,'Quick Setup'!$E51,if(CV7='Quick Setup'!$F$47,'Quick Setup'!$F51,if(CV7='Quick Setup'!$G$47,'Quick Setup'!$G51,if(CV7='Quick Setup'!$H$47,'Quick Setup'!$H51,if(CV7='Quick Setup'!$I$47,'Quick Setup'!$I51,if(CV7='Quick Setup'!$J$47,'Quick Setup'!$J51,if(CV7='Quick Setup'!$K$47,'Quick Setup'!$K51,if(CV7='Quick Setup'!$L$47,'Quick Setup'!$L51,if(CV7='Quick Setup'!$M$47,'Quick Setup'!$M51,if(CV7='Quick Setup'!$N$47,'Quick Setup'!$N51,if(CV7='Quick Setup'!$O$47,'Quick Setup'!$O51,if(CV7='Quick Setup'!$P$47,'Quick Setup'!$P51,if(CV7='Quick Setup'!$Q$47,'Quick Setup'!$Q51,if(CV7='Quick Setup'!$R$47,'Quick Setup'!$R51,if(CV7='Quick Setup'!$S$47,'Quick Setup'!$S51,if(CV7='Quick Setup'!$T$47,'Quick Setup'!$T51,if(CV7='Quick Setup'!$U$47,'Quick Setup'!$U51,if(CV7='Quick Setup'!$V$47,'Quick Setup'!$V51,if(CV7='Quick Setup'!$W$47,'Quick Setup'!$W51))))))))))))))))))))) -> 2 | CY7: =CR7 -> 4 | CZ7: =CS7 -> 6 | DA7: =CT7 -> 0.02 | DB7: =CU7 -> -0.05 | DC7: ='Quick Setup'!R64 -> 0.85 | DD7: =if(DC7='Quick Setup'!$C$33,'Quick Setup'!$C37,if(DC7='Quick Setup'!$D$33,'Quick Setup'!$D37,if(DC7='Quick Setup'!$E$33,'Quick Setup'!$E37,if(DC7='Quick Setup'!$F$33,'Quick Setup'!$F37,if(DC7='Quick Setup'!$G$33,'Quick Setup'!$G37,if(DC7='Quick Setup'!$H$33,'Quick Setup'!$H37,if(DC7='Quick Setup'!$I$33,'Quick Setup'!$I37,if(DC7='Quick Setup'!$J$33,'Quick Setup'!$J37,if(DC7='Quick Setup'!$K$33,'Quick Setup'!$K37,if(DC7='Quick Setup'!$L$33,'Quick Setup'!$L37,if(DC7='Quick Setup'!$M$33,'Quick Setup'!$M37,if(DC7='Quick Setup'!$N$33,'Quick Setup'!$N37,if(DC7='Quick Setup'!$O$33,'Quick Setup'!$O37,if(DC7='Quick Setup'!$P$33,'Quick Setup'!$P37,if(DC7='Quick Setup'!$Q$33,'Quick Setup'!$Q37,if(DC7='Quick Setup'!$R$33,'Quick Setup'!$R37,if(DC7='Quick Setup'!$S$33,'Quick Setup'!$S37,if(DC7='Quick Setup'!$T$33,'Quick Setup'!$T37,if(DC7='Quick Setup'!$U$33,'Quick Setup'!$U37,if(DC7='Quick Setup'!$V$33,'Quick Setup'!$V37,'2x'!DX20)))))))))))))))))))) -> 2 | DE7: =if(DC7='Quick Setup'!$C$47,'Quick Setup'!$C51,if(DC7='Quick Setup'!$D$47,'Quick Setup'!$D51,if(DC7='Quick Setup'!$E$47,'Quick Setup'!$E51,if(DC7='Quick Setup'!$F$47,'Quick Setup'!$F51,if(DC7='Quick Setup'!$G$47,'Quick Setup'!$G51,if(DC7='Quick Setup'!$H$47,'Quick Setup'!$H51,if(DC7='Quick Setup'!$I$47,'Quick Setup'!$I51,if(DC7='Quick Setup'!$J$47,'Quick Setup'!$J51,if(DC7='Quick Setup'!$K$47,'Quick Setup'!$K51,if(DC7='Quick Setup'!$L$47,'Quick Setup'!$L51,if(DC7='Quick Setup'!$M$47,'Quick Setup'!$M51,if(DC7='Quick Setup'!$N$47,'Quick Setup'!$N51,if(DC7='Quick Setup'!$O$47,'Quick Setup'!$O51,if(DC7='Quick Setup'!$P$47,'Quick Setup'!$P51,if(DC7='Quick Setup'!$Q$47,'Quick Setup'!$Q51,if(DC7='Quick Setup'!$R$47,'Quick Setup'!$R51,if(DC7='Quick Setup'!$S$47,'Quick Setup'!$S51,if(DC7='Quick Setup'!$T$47,'Quick Setup'!$T51,if(DC7='Quick Setup'!$U$47,'Quick Setup'!$U51,if(DC7='Quick Setup'!$V$47,'Quick Setup'!$V51,if(DC7='Quick Setup'!$W$47,'Quick Setup'!$W51))))))))))))))))))))) -> 2 | DF7: =CY7 -> 4 | DG7: =CZ7 -> 6 | DH7: =DA7 -> 0.02 | DI7: =DB7 -> -0.05 | DJ7: ='Quick Setup'!S64 -> 0.9 | DK7: =if(DJ7='Quick Setup'!$C$33,'Quick Setup'!$C37,if(DJ7='Quick Setup'!$D$33,'Quick Setup'!$D37,if(DJ7='Quick Setup'!$E$33,'Quick Setup'!$E37,if(DJ7='Quick Setup'!$F$33,'Quick Setup'!$F37,if(DJ7='Quick Setup'!$G$33,'Quick Setup'!$G37,if(DJ7='Quick Setup'!$H$33,'Quick Setup'!$H37,if(DJ7='Quick Setup'!$I$33,'Quick Setup'!$I37,if(DJ7='Quick Setup'!$J$33,'Quick Setup'!$J37,if(DJ7='Quick Setup'!$K$33,'Quick Setup'!$K37,if(DJ7='Quick Setup'!$L$33,'Quick Setup'!$L37,if(DJ7='Quick Setup'!$M$33,'Quick Setup'!$M37,if(DJ7='Quick Setup'!$N$33,'Quick Setup'!$N37,if(DJ7='Quick Setup'!$O$33,'Quick Setup'!$O37,if(DJ7='Quick Setup'!$P$33,'Quick Setup'!$P37,if(DJ7='Quick Setup'!$Q$33,'Quick Setup'!$Q37,if(DJ7='Quick Setup'!$R$33,'Quick Setup'!$R37,if(DJ7='Quick Setup'!$S$33,'Quick Setup'!$S37,if(DJ7='Quick Setup'!$T$33,'Quick Setup'!$T37,if(DJ7='Quick Setup'!$U$33,'Quick Setup'!$U37,if(DJ7='Quick Setup'!$V$33,'Quick Setup'!$V37,'2x'!EE20)))))))))))))))))))) -> 1 | DL7: =if(DJ7='Quick Setup'!$C$47,'Quick Setup'!$C51,if(DJ7='Quick Setup'!$D$47,'Quick Setup'!$D51,if(DJ7='Quick Setup'!$E$47,'Quick Setup'!$E51,if(DJ7='Quick Setup'!$F$47,'Quick Setup'!$F51,if(DJ7='Quick Setup'!$G$47,'Quick Setup'!$G51,if(DJ7='Quick Setup'!$H$47,'Quick Setup'!$H51,if(DJ7='Quick Setup'!$I$47,'Quick Setup'!$I51,if(DJ7='Quick Setup'!$J$47,'Quick Setup'!$J51,if(DJ7='Quick Setup'!$K$47,'Quick Setup'!$K51,if(DJ7='Quick Setup'!$L$47,'Quick Setup'!$L51,if(DJ7='Quick Setup'!$M$47,'Quick Setup'!$M51,if(DJ7='Quick Setup'!$N$47,'Quick Setup'!$N51,if(DJ7='Quick Setup'!$O$47,'Quick Setup'!$O51,if(DJ7='Quick Setup'!$P$47,'Quick Setup'!$P51,if(DJ7='Quick Setup'!$Q$47,'Quick Setup'!$Q51,if(DJ7='Quick Setup'!$R$47,'Quick Setup'!$R51,if(DJ7='Quick Setup'!$S$47,'Quick Setup'!$S51,if(DJ7='Quick Setup'!$T$47,'Quick Setup'!$T51,if(DJ7='Quick Setup'!$U$47,'Quick Setup'!$U51,if(DJ7='Quick Setup'!$V$47,'Quick Setup'!$V51,if(DJ7='Quick Setup'!$W$47,'Quick Setup'!$W51))))))))))))))))))))) -> 1 | DM7: =DF7 -> 4 | DN7: =DG7 -> 6 | DO7: =DH7 -> 0.02 | DP7: =DI7 -> -0.05 | DQ7: ='Quick Setup'!T64 -> 0.85 | DR7: =if(DQ7='Quick Setup'!$C$33,'Quick Setup'!$C37,if(DQ7='Quick Setup'!$D$33,'Quick Setup'!$D37,if(DQ7='Quick Setup'!$E$33,'Quick Setup'!$E37,if(DQ7='Quick Setup'!$F$33,'Quick Setup'!$F37,if(DQ7='Quick Setup'!$G$33,'Quick Setup'!$G37,if(DQ7='Quick Setup'!$H$33,'Quick Setup'!$H37,if(DQ7='Quick Setup'!$I$33,'Quick Setup'!$I37,if(DQ7='Quick Setup'!$J$33,'Quick Setup'!$J37,if(DQ7='Quick Setup'!$K$33,'Quick Setup'!$K37,if(DQ7='Quick Setup'!$L$33,'Quick Setup'!$L37,if(DQ7='Quick Setup'!$M$33,'Quick Setup'!$M37,if(DQ7='Quick Setup'!$N$33,'Quick Setup'!$N37,if(DQ7='Quick Setup'!$O$33,'Quick Setup'!$O37,if(DQ7='Quick Setup'!$P$33,'Quick Setup'!$P37,if(DQ7='Quick Setup'!$Q$33,'Quick Setup'!$Q37,if(DQ7='Quick Setup'!$R$33,'Quick Setup'!$R37,if(DQ7='Quick Setup'!$S$33,'Quick Setup'!$S37,if(DQ7='Quick Setup'!$T$33,'Quick Setup'!$T37,if(DQ7='Quick Setup'!$U$33,'Quick Setup'!$U37,if(DQ7='Quick Setup'!$V$33,'Quick Setup'!$V37,'2x'!EL20)))))))))))))))))))) -> 2 | DS7: =if(DQ7='Quick Setup'!$C$47,'Quick Setup'!$C51,if(DQ7='Quick Setup'!$D$47,'Quick Setup'!$D51,if(DQ7='Quick Setup'!$E$47,'Quick Setup'!$E51,if(DQ7='Quick Setup'!$F$47,'Quick Setup'!$F51,if(DQ7='Quick Setup'!$G$47,'Quick Setup'!$G51,if(DQ7='Quick Setup'!$H$47,'Quick Setup'!$H51,if(DQ7='Quick Setup'!$I$47,'Quick Setup'!$I51,if(DQ7='Quick Setup'!$J$47,'Quick Setup'!$J51,if(DQ7='Quick Setup'!$K$47,'Quick Setup'!$K51,if(DQ7='Quick Setup'!$L$47,'Quick Setup'!$L51,if(DQ7='Quick Setup'!$M$47,'Quick Setup'!$M51,if(DQ7='Quick Setup'!$N$47,'Quick Setup'!$N51,if(DQ7='Quick Setup'!$O$47,'Quick Setup'!$O51,if(DQ7='Quick Setup'!$P$47,'Quick Setup'!$P51,if(DQ7='Quick Setup'!$Q$47,'Quick Setup'!$Q51,if(DQ7='Quick Setup'!$R$47,'Quick Setup'!$R51,if(DQ7='Quick Setup'!$S$47,'Quick Setup'!$S51,if(DQ7='Quick Setup'!$T$47,'Quick Setup'!$T51,if(DQ7='Quick Setup'!$U$47,'Quick Setup'!$U51,if(DQ7='Quick Setup'!$V$47,'Quick Setup'!$V51,if(DQ7='Quick Setup'!$W$47,'Quick Setup'!$W51))))))))))))))))))))) -> 2 | DT7: =DM7 -> 4 | DU7: =DN7 -> 6 | DV7: =DO7 -> 0.02 | DW7: =DP7 -> -0.05 | DX7: ='Quick Setup'!U64 -> 0.9 | DY7: =if(DX7='Quick Setup'!$C$33,'Quick Setup'!$C37,if(DX7='Quick Setup'!$D$33,'Quick Setup'!$D37,if(DX7='Quick Setup'!$E$33,'Quick Setup'!$E37,if(DX7='Quick Setup'!$F$33,'Quick Setup'!$F37,if(DX7='Quick Setup'!$G$33,'Quick Setup'!$G37,if(DX7='Quick Setup'!$H$33,'Quick Setup'!$H37,if(DX7='Quick Setup'!$I$33,'Quick Setup'!$I37,if(DX7='Quick Setup'!$J$33,'Quick Setup'!$J37,if(DX7='Quick Setup'!$K$33,'Quick Setup'!$K37,if(DX7='Quick Setup'!$L$33,'Quick Setup'!$L37,if(DX7='Quick Setup'!$M$33,'Quick Setup'!$M37,if(DX7='Quick Setup'!$N$33,'Quick Setup'!$N37,if(DX7='Quick Setup'!$O$33,'Quick Setup'!$O37,if(DX7='Quick Setup'!$P$33,'Quick Setup'!$P37,if(DX7='Quick Setup'!$Q$33,'Quick Setup'!$Q37,if(DX7='Quick Setup'!$R$33,'Quick Setup'!$R37,if(DX7='Quick Setup'!$S$33,'Quick Setup'!$S37,if(DX7='Quick Setup'!$T$33,'Quick Setup'!$T37,if(DX7='Quick Setup'!$U$33,'Quick Setup'!$U37,if(DX7='Quick Setup'!$V$33,'Quick Setup'!$V37,'2x'!ES20)))))))))))))))))))) -> 1 | DZ7: =if(DX7='Quick Setup'!$C$47,'Quick Setup'!$C51,if(DX7='Quick Setup'!$D$47,'Quick Setup'!$D51,if(DX7='Quick Setup'!$E$47,'Quick Setup'!$E51,if(DX7='Quick Setup'!$F$47,'Quick Setup'!$F51,if(DX7='Quick Setup'!$G$47,'Quick Setup'!$G51,if(DX7='Quick Setup'!$H$47,'Quick Setup'!$H51,if(DX7='Quick Setup'!$I$47,'Quick Setup'!$I51,if(DX7='Quick Setup'!$J$47,'Quick Setup'!$J51,if(DX7='Quick Setup'!$K$47,'Quick Setup'!$K51,if(DX7='Quick Setup'!$L$47,'Quick Setup'!$L51,if(DX7='Quick Setup'!$M$47,'Quick Setup'!$M51,if(DX7='Quick Setup'!$N$47,'Quick Setup'!$N51,if(DX7='Quick Setup'!$O$47,'Quick Setup'!$O51,if(DX7='Quick Setup'!$P$47,'Quick Setup'!$P51,if(DX7='Quick Setup'!$Q$47,'Quick Setup'!$Q51,if(DX7='Quick Setup'!$R$47,'Quick Setup'!$R51,if(DX7='Quick Setup'!$S$47,'Quick Setup'!$S51,if(DX7='Quick Setup'!$T$47,'Quick Setup'!$T51,if(DX7='Quick Setup'!$U$47,'Quick Setup'!$U51,if(DX7='Quick Setup'!$V$47,'Quick Setup'!$V51,if(DX7='Quick Setup'!$W$47,'Quick Setup'!$W51))))))))))))))))))))) -> 1 | EA7: =DT7 -> 4 | EB7: =DU7 -> 6 | EC7: =DV7 -> 0.02 | ED7: =DW7 -> -0.05 | EE7: ='Quick Setup'!V64 -> 0.95 | EF7: =if(EE7='Quick Setup'!$C$33,'Quick Setup'!$C37,if(EE7='Quick Setup'!$D$33,'Quick Setup'!$D37,if(EE7='Quick Setup'!$E$33,'Quick Setup'!$E37,if(EE7='Quick Setup'!$F$33,'Quick Setup'!$F37,if(EE7='Quick Setup'!$G$33,'Quick Setup'!$G37,if(EE7='Quick Setup'!$H$33,'Quick Setup'!$H37,if(EE7='Quick Setup'!$I$33,'Quick Setup'!$I37,if(EE7='Quick Setup'!$J$33,'Quick Setup'!$J37,if(EE7='Quick Setup'!$K$33,'Quick Setup'!$K37,if(EE7='Quick Setup'!$L$33,'Quick Setup'!$L37,if(EE7='Quick Setup'!$M$33,'Quick Setup'!$M37,if(EE7='Quick Setup'!$N$33,'Quick Setup'!$N37,if(EE7='Quick Setup'!$O$33,'Quick Setup'!$O37,if(EE7='Quick Setup'!$P$33,'Quick Setup'!$P37,if(EE7='Quick Setup'!$Q$33,'Quick Setup'!$Q37,if(EE7='Quick Setup'!$R$33,'Quick Setup'!$R37,if(EE7='Quick Setup'!$S$33,'Quick Setup'!$S37,if(EE7='Quick Setup'!$T$33,'Quick Setup'!$T37,if(EE7='Quick Setup'!$U$33,'Quick Setup'!$U37,if(EE7='Quick Setup'!$V$33,'Quick Setup'!$V37,'2x'!EZ20)))))))))))))))))))) -> 1 | EG7: =if(EE7='Quick Setup'!$C$47,'Quick Setup'!$C51,if(EE7='Quick Setup'!$D$47,'Quick Setup'!$D51,if(EE7='Quick Setup'!$E$47,'Quick Setup'!$E51,if(EE7='Quick Setup'!$F$47,'Quick Setup'!$F51,if(EE7='Quick Setup'!$G$47,'Quick Setup'!$G51,if(EE7='Quick Setup'!$H$47,'Quick Setup'!$H51,if(EE7='Quick Setup'!$I$47,'Quick Setup'!$I51,if(EE7='Quick Setup'!$J$47,'Quick Setup'!$J51,if(EE7='Quick Setup'!$K$47,'Quick Setup'!$K51,if(EE7='Quick Setup'!$L$47,'Quick Setup'!$L51,if(EE7='Quick Setup'!$M$47,'Quick Setup'!$M51,if(EE7='Quick Setup'!$N$47,'Quick Setup'!$N51,if(EE7='Quick Setup'!$O$47,'Quick Setup'!$O51,if(EE7='Quick Setup'!$P$47,'Quick Setup'!$P51,if(EE7='Quick Setup'!$Q$47,'Quick Setup'!$Q51,if(EE7='Quick Setup'!$R$47,'Quick Setup'!$R51,if(EE7='Quick Setup'!$S$47,'Quick Setup'!$S51,if(EE7='Quick Setup'!$T$47,'Quick Setup'!$T51,if(EE7='Quick Setup'!$U$47,'Quick Setup'!$U51,if(EE7='Quick Setup'!$V$47,'Quick Setup'!$V51,if(EE7='Quick Setup'!$W$47,'Quick Setup'!$W51))))))))))))))))))))) -> 1 | EH7: =EA7 -> 4 | EI7: =EB7 -> 6 | EJ7: =EC7 -> 0.02 | EK7: =ED7 -> -0.05 | EL7: ='Quick Setup'!W64 -> 0.6 | EM7: =if(EL7='Quick Setup'!$C$33,'Quick Setup'!$C37,if(EL7='Quick Setup'!$D$33,'Quick Setup'!$D37,if(EL7='Quick Setup'!$E$33,'Quick Setup'!$E37,if(EL7='Quick Setup'!$F$33,'Quick Setup'!$F37,if(EL7='Quick Setup'!$G$33,'Quick Setup'!$G37,if(EL7='Quick Setup'!$H$33,'Quick Setup'!$H37,if(EL7='Quick Setup'!$I$33,'Quick Setup'!$I37,if(EL7='Quick Setup'!$J$33,'Quick Setup'!$J37,if(EL7='Quick Setup'!$K$33,'Quick Setup'!$K37,if(EL7='Quick Setup'!$L$33,'Quick Setup'!$L37,if(EL7='Quick Setup'!$M$33,'Quick Setup'!$M37,if(EL7='Quick Setup'!$N$33,'Quick Setup'!$N37,if(EL7='Quick Setup'!$O$33,'Quick Setup'!$O37,if(EL7='Quick Setup'!$P$33,'Quick Setup'!$P37,if(EL7='Quick Setup'!$Q$33,'Quick Setup'!$Q37,if(EL7='Quick Setup'!$R$33,'Quick Setup'!$R37,if(EL7='Quick Setup'!$S$33,'Quick Setup'!$S37,if(EL7='Quick Setup'!$T$33,'Quick Setup'!$T37,if(EL7='Quick Setup'!$U$33,'Quick Setup'!$U37,if(EL7='Quick Setup'!$V$33,'Quick Setup'!$V37,'2x'!FG20)))))))))))))))))))) -> 7 | EN7: =if(EL7='Quick Setup'!$C$47,'Quick Setup'!$C51,if(EL7='Quick Setup'!$D$47,'Quick Setup'!$D51,if(EL7='Quick Setup'!$E$47,'Quick Setup'!$E51,if(EL7='Quick Setup'!$F$47,'Quick Setup'!$F51,if(EL7='Quick Setup'!$G$47,'Quick Setup'!$G51,if(EL7='Quick Setup'!$H$47,'Quick Setup'!$H51,if(EL7='Quick Setup'!$I$47,'Quick Setup'!$I51,if(EL7='Quick Setup'!$J$47,'Quick Setup'!$J51,if(EL7='Quick Setup'!$K$47,'Quick Setup'!$K51,if(EL7='Quick Setup'!$L$47,'Quick Setup'!$L51,if(EL7='Quick Setup'!$M$47,'Quick Setup'!$M51,if(EL7='Quick Setup'!$N$47,'Quick Setup'!$N51,if(EL7='Quick Setup'!$O$47,'Quick Setup'!$O51,if(EL7='Quick Setup'!$P$47,'Quick Setup'!$P51,if(EL7='Quick Setup'!$Q$47,'Quick Setup'!$Q51,if(EL7='Quick Setup'!$R$47,'Quick Setup'!$R51,if(EL7='Quick Setup'!$S$47,'Quick Setup'!$S51,if(EL7='Quick Setup'!$T$47,'Quick Setup'!$T51,if(EL7='Quick Setup'!$U$47,'Quick Setup'!$U51,if(EL7='Quick Setup'!$V$47,'Quick Setup'!$V51,if(EL7='Quick Setup'!$W$47,'Quick Setup'!$W51))))))))))))))))))))) -> 4 | EO7: =EH7 -> 4 | EP7: =EI7 -> 6 | EQ7: =EJ7 -> 0.02 | ER7: =EK7 -> -0.05
A8: ='Quick Setup'!C9 | E8: Sets per week | G8: When above or below set range | L8: Sets per week | N8: When above or below set range | S8: Sets per week | U8: When above or below set range | Z8: Sets per week | AB8: When above or below set range | AG8: Sets per week | AI8: When above or below set range | AN8: Sets per week | AP8: When above or below set range | AU8: Sets per week | AW8: When above or below set range | BB8: Sets per week | BD8: When above or below set range | BI8: Sets per week | BK8: When above or below set range | BP8: Sets per week | BR8: When above or below set range | BW8: Sets per week | BY8: When above or below set range | CD8: Sets per week | CF8: When above or below set range | CK8: Sets per week | CM8: When above or below set range | CR8: Sets per week | CT8: When above or below set range | CY8: Sets per week | DA8: When above or below set range | DF8: Sets per week | DH8: When above or below set range | DM8: Sets per week | DO8: When above or below set range | DT8: Sets per week | DV8: When above or below set range | EA8: Sets per week | EC8: When above or below set range | EH8: Sets per week | EJ8: When above or below set range | EO8: Sets per week | EQ8: When above or below set range
B9: Intensity | C9: Reps per set | D9: RIR Cutoff | E9: Lower threshold | F9: Upper threshold | G9: Increases | H9: Decreases | I9: Intensity | J9: Reps per set | K9: RIR Cutoff | L9: Lower threshold | M9: Upper threshold | N9: Increases | O9: Decreases | P9: Intensity | Q9: Reps per set | R9: RIR Cutoff | S9: Lower threshold | T9: Upper threshold | U9: Increases | V9: Decreases | W9: Intensity | X9: Reps per set | Y9: RIR Cutoff | Z9: Lower threshold | AA9: Upper threshold | AB9: Increases | AC9: Decreases | AD9: Intensity | AE9: Reps per set | AF9: RIR Cutoff | AG9: Lower threshold | AH9: Upper threshold | AI9: Increases | AJ9: Decreases | AK9: Intensity | AL9: Reps per set | AM9: RIR Cutoff | AN9: Lower threshold | AO9: Upper threshold | AP9: Increases | AQ9: Decreases | AR9: Intensity | AS9: Reps per set | AT9: RIR Cutoff | AU9: Lower threshold | AV9: Upper threshold | AW9: Increases | AX9: Decreases | AY9: Intensity | AZ9: Reps per set | BA9: RIR Cutoff | BB9: Lower threshold | BC9: Upper threshold | BD9: Increases | BE9: Decreases | BF9: Intensity | BG9: Reps per set | BH9: RIR Cutoff | BI9: Lower threshold | BJ9: Upper threshold | BK9: Increases | BL9: Decreases | BM9: Intensity | BN9: Reps per set | BO9: RIR Cutoff | BP9: Lower threshold | BQ9: Upper threshold | BR9: Increases | BS9: Decreases | BT9: Intensity | BU9: Reps per set | BV9: RIR Cutoff | BW9: Lower threshold | BX9: Upper threshold | BY9: Increases | BZ9: Decreases | CA9: Intensity | CB9: Reps per set | CC9: RIR Cutoff | CD9: Lower threshold | CE9: Upper threshold | CF9: Increases | CG9: Decreases | CH9: Intensity | CI9: Reps per set | CJ9: RIR Cutoff | CK9: Lower threshold | CL9: Upper threshold | CM9: Increases | CN9: Decreases | CO9: Intensity | CP9: Reps per set | CQ9: RIR Cutoff | CR9: Lower threshold | CS9: Upper threshold | CT9: Increases | CU9: Decreases | CV9: Intensity | CW9: Reps per set | CX9: RIR Cutoff | CY9: Lower threshold | CZ9: Upper threshold | DA9: Increases | DB9: Decreases | DC9: Intensity | DD9: Reps per set | DE9: RIR Cutoff | DF9: Lower threshold | DG9: Upper threshold | DH9: Increases | DI9: Decreases | DJ9: Intensity | DK9: Reps per set | DL9: RIR Cutoff | DM9: Lower threshold | DN9: Upper threshold | DO9: Increases | DP9: Decreases | DQ9: Intensity | DR9: Reps per set | DS9: RIR Cutoff | DT9: Lower threshold | DU9: Upper threshold | DV9: Increases | DW9: Decreases | DX9: Intensity | DY9: Reps per set | DZ9: RIR Cutoff | EA9: Lower threshold | EB9: Upper threshold | EC9: Increases | ED9: Decreases | EE9: Intensity | EF9: Reps per set | EG9: RIR Cutoff | EH9: Lower threshold | EI9: Upper threshold | EJ9: Increases | EK9: Decreases | EL9: Intensity | EM9: Reps per set | EN9: RIR Cutoff | EO9: Lower threshold | EP9: Upper threshold | EQ9: Increases | ER9: Decreases
